code,name,region,cls,size,revenue,visits,volume,avg_invoice,avg_liters,daily_rev,peak_rev_h,peak_vis_h,g95,g91,diesel,app_pct,cash_pct,card_pct,growth,campaign
MK007,العمرة الجديدة,مكة,حيوية,كبيرة جداً,49590690,766648,23493282,64.69,30.64,273982,17,17,36.2,35.7,28.1,0.6,53.0,43.7,-22.3,نعم
MK289,طريق الليث - الفضيلة,جدة,خط سفر,,28047704,333050,14552120,84.21,43.69,159362,17,17,13.2,22.8,64.1,0.0,20.4,9.0,27.3,
MK072,العزيزية,مكة,حيوية,,20528975,424628,2916708,48.35,22.44,114050,16,17,23.1,63.5,13.4,0.0,92.2,1.2,-21.1,
MK003,العوالي,مكة,خط سفر,كبيرة,20001382,324068,8841940,61.72,27.28,219795,17,17,49.8,50.2,0.0,0.0,36.4,57.4,,
MK047,القادسية,مكة,حيوية,,18281399,308074,8679738,59.34,28.17,101002,17,17,36.9,35.4,27.7,0.0,100.0,0.0,-9.0,
MK028,أحلى مساء,الطائف,مختلط,,17320811,256011,7729931,67.66,30.19,95695,17,17,45.3,46.5,8.2,0.0,100.0,0.0,-11.9,
MK029,الدائري الثالث - الذكرى,مكة,حيوية,,16855372,283446,2676944,59.47,27.24,93124,17,21,36.4,40.6,23.1,3.8,48.8,44.0,-3.4,
MK033,أبو وافي العمرة,مكة,خط سفر,,15775248,249705,7806709,63.18,31.26,87156,19,19,20.6,33.7,45.8,0.0,89.4,7.0,-21.7,
RY075,الدائري الشمالي,الرياض,حيوية,,15719285,211558,4791911,74.3,33.57,86847,20,20,45.1,47.4,7.6,0.0,24.7,67.3,15.1,
MK004,عاصفة الصحراء,الطائف,حيوية,,15598002,194466,7467484,80.21,38.4,171407,17,17,31.2,34.4,34.4,0.0,44.1,47.6,,
MK001,جبل النور,مكة,حيوية,,14811456,338888,6570004,43.71,19.39,81831,17,17,44.6,55.4,0.0,0.0,100.0,0.0,-3.0,
MK016,الرصيفة,مكة,حيوية,,12392502,284756,5504980,43.52,19.33,68467,21,21,42.5,57.5,0.0,0.0,100.0,0.0,-11.2,
MK017,عرفات الشوقية,مكة,حيوية,,11129389,233425,4924931,47.68,21.1,61488,21,21,48.3,51.7,0.0,0.0,100.0,0.0,6.9,
MK020,ممشى الشوقية,مكة,حيوية,,10708429,246641,4740020,43.42,19.22,59163,21,21,47.8,52.2,0.0,0.0,100.0,0.0,4.2,
MK063,السواط - شهار,الطائف,مختلط,,10700092,207031,4771577,51.68,23.05,59117,17,0,48.1,46.1,5.8,0.0,100.0,0.0,17.7,
MK064,الجعرانة,مكة,حي,,10414834,201217,4933540,51.76,24.52,57541,17,17,35.1,37.2,27.6,0.0,63.4,27.6,-3.3,
JA092,الصفا - أحد المسارحة,جازان,غير مصنفة,,9901510,234974,4445436,42.14,18.92,76165,21,21,49.2,46.0,4.8,0.0,47.8,49.2,27.5,
MK035,الجمعية الوسام,الطائف,مختلط,,9869940,148911,4643058,66.28,31.18,54530,17,17,35.6,37.4,27.0,0.0,100.0,0.0,8.3,
MK210,الفلاح - فلسطين,جدة,حيوية,,9737128,195205,4722403,49.88,24.19,66239,17,21,22.1,45.0,32.9,0.0,67.3,32.7,6.8,
MK022,بطحاء قريش 1,مكة,حي,,9512678,147623,4558563,64.44,30.88,52556,17,17,31.5,36.4,32.1,0.0,100.0,0.0,-4.5,
RY025,الحمرا - طريق الملك عبدالله,الخرج,غير مصنفة,,8563678,156380,3884721,54.76,24.84,47313,21,21,45.0,46.8,8.2,0.0,0.0,0.0,18.6,نعم
JA069,كورنيش جيزان,جازان,حيوية,,8483209,166967,3774634,50.81,22.61,46869,0,0,54.4,43.4,2.3,0.0,25.3,66.3,18.0,نعم
MK014,خليص,مكة,خط سفر,,8421901,76519,4263083,110.06,55.71,46530,18,16,19.8,24.3,55.9,1.5,35.7,54.5,-8.4,
MK002,المعيصم,مكة,حيوية,,7821875,165177,3471225,47.35,21.02,43215,17,17,43.9,56.1,0.0,0.0,100.0,0.0,-53.3,
MK068,الجموم - الكنيدري,مكة,مختلط,,7731204,168510,3512113,45.88,20.84,42714,21,21,46.9,41.6,11.5,0.0,50.9,42.1,-6.8,
MK071,الأجاويد,جدة,حيوية,,7305589,169734,3406904,43.04,20.07,40362,17,17,31.0,52.3,16.7,1.5,45.9,43.6,8.3,
MK084,الكر النازل,مكة,خط سفر,,6769350,97200,3076219,69.64,31.65,37400,19,19,43.2,46.2,10.6,0.2,49.7,42.7,-12.6,نعم
JA061,طريق صبيا,جازان,حيوية,,6763759,97406,3314721,69.44,34.03,37369,22,17,31.2,31.5,37.3,0.0,100.0,0.0,-4.4,
MK015,النسيم,جدة,حيوية,,6610805,132653,2931550,49.84,22.1,101705,20,20,42.9,56.0,0.0,0.0,43.6,53.7,,
MK023,بن درويش,مكة,حيوية,,6600956,146007,2925368,45.21,20.04,36469,21,21,46.0,54.0,0.0,0.0,100.0,0.0,-12.1,
MK005,الشيباني,الطائف,حيوية,,6430228,108731,2831981,59.14,26.05,102067,17,17,46.8,52.6,0.6,0.0,31.8,63.3,,
MK093,الملك خالد,الطائف,حي,,6302158,123912,2839338,50.86,22.91,34819,17,17,38.6,53.7,7.7,0.7,30.7,46.2,8.2,
MK046,الحليس - طريق الجنوب,الطائف,مختلط,,6133992,93189,2916316,65.82,31.29,111527,17,17,30.9,38.1,30.9,0.0,50.1,43.1,,
EP051,كورنيش الخبر,الشرقية,حيوية,,6083371,107035,2759664,56.84,25.78,33610,17,16,39.6,53.8,6.6,0.3,28.4,22.7,32.7,
QS055,الدائري الشرقي,القصيم,غير مصنفة,,5976488,79761,2940822,74.93,36.87,33019,17,17,26.0,34.7,39.2,0.2,33.6,56.9,-2.9,
MK054,طريق السيل,مكة,خط سفر,,5875411,75507,2834084,77.81,37.53,52932,17,17,30.1,35.0,34.9,0.0,49.3,41.5,-3.3,
MK031,بطحاء قريش 2,مكة,حيوية,,5721087,106073,2694118,53.94,25.4,31608,17,17,31.0,45.5,23.6,0.0,100.0,0.0,-12.3,
JA053,خبت نخلان,جازان,نائية,,5714308,117578,2650896,48.6,22.55,31571,17,21,44.6,37.0,18.4,0.7,53.1,39.3,-0.9,
MK008,الحسينية,مكة,حي,متوسطة,5015246,115020,2229579,43.6,19.38,71646,21,21,41.3,58.7,0.0,0.0,67.8,27.6,,
RY024,غرناطة - طريق الملك عبدالله,الخرج,غير مصنفة,,4846644,84802,2153145,57.15,25.39,26777,21,21,49.0,51.0,0.0,0.0,0.0,0.0,6.4,نعم
MK006,جنوب الطائف,الطائف,حيوية,,4714627,84547,2078856,55.76,24.59,82713,17,17,45.6,54.4,0.0,0.0,43.2,49.6,,
MK018,الرصيفة المسار,مكة,حيوية,,4575739,94310,2127665,48.52,22.56,49736,17,22,31.0,51.4,17.6,0.0,68.5,20.5,,
RY042,الناصفة,الخرج,حي,,4569369,72735,2133587,62.82,29.33,25245,16,16,40.4,39.4,20.1,0.0,35.5,52.9,25.6,
MK019,الشرايع,مكة,حيوية,,4331347,82571,1912969,52.46,23.17,23930,21,21,51.2,48.8,0.0,0.0,100.0,0.0,-24.9,
MK099,البيعة,الطائف,حي,,3783052,82333,1672588,45.95,20.31,20901,17,21,47.2,51.1,1.7,0.8,33.5,38.9,13.7,
MK100,الكوثر,جدة,حيوية,,3334226,60202,1601535,55.38,26.6,18421,14,21,25.9,44.9,29.2,1.5,37.5,47.0,4.5,
AS153,مدخل محايل,عسير,غير مصنفة,,3263896,65707,1471112,49.67,22.39,47303,21,21,39.4,50.3,10.3,0.0,59.7,39.2,,
HA043,العريفي,حائل,غير مصنفة,,3179944,59244,1431054,53.68,24.16,17569,21,21,34.7,57.6,7.7,0.0,100.0,0.0,-2.8,
JA056,الروابي - المودة,جازان,حي,,2708911,50827,1262094,53.3,24.83,14966,7,7,39.3,42.7,18.0,0.5,40.8,49.9,18.8,
JA060,صناعية صامطة,جازان,حيوية,,2574779,73820,1204453,34.88,16.32,14225,17,17,34.8,45.9,19.4,0.0,100.0,0.0,6.0,
JA041,القسوم - أحد المسارحة,جازان,غير مصنفة,,2479043,54370,1114635,45.6,20.5,36457,17,17,49.7,44.7,5.6,0.0,47.5,47.7,,نعم
MK323,جبل ثور - جوهرة النسيم,مكة,حيوية,,1285957,25265,568922,50.9,22.52,22964,21,21,48.6,51.4,0.0,0.0,37.2,60.9,,
JA348,جنوب صبيا,جازان,غير مصنفة,,1063910,31905,486162,33.35,15.24,40920,17,21,44.4,44.2,11.4,0.0,60.1,36.3,,نعم
MD009,طريق السلام,المدينة المنورة,غير مصنفة,,436617,7649,206212,57.08,26.96,11195,18,18,37.6,37.6,24.9,0.0,40.0,59.9,,نعم
NJ219,المركب,نجران,غير مصنفة,,46160,924,21693,49.96,23.48,7693,17,19,33.0,50.3,16.7,0.0,50.5,49.4,,نعم
