code,city,street,status,restaurants,cafe,market,other,car_services,year
MK001,مكة,جبل النور,Open,,يو كافي,فريش واي,,درب الصيانة,2025
MK002,مكة,المعيصم,Open,ماكدونالدز - كرسبي كريم - باباسنفور,- تيم هورتنز - دانكن - ملتن - يو كوفي - بون - قيس ايسكريم - تفطيرة - بارنز - المذاق المغربي - سينابون,فريش واي,,البترول الذهبي - مغسلة,2025
MK003,مكة,العوالي,Open,باباسنفور - بف - طعمية السلطان -  الطازج - كازاباستا- برقر كينق - شاورمر- بوقا - لمة - حاشي باشا -  مندي الدعدي -  فطيرة و شاي T80-  باسكن - دومينوز - فروتي الرضاء - فاير جريل - شاورما وصوص - شيفز - محطة العصائر - مذاق المنئوشة,تيم هورتنز -  - قهوة الامراء - يو كوفي - براتو - - بارنز - المذاق المغربي - بون - قهوة هيام - زيكا - بنز كوكيز - قيس ايسكريم,تموينات السلطان - لوازم الرحلات,Redbox,بترومين - مغسلة صقر,2025
MK008,مكة,الحسينية,Open,طعمية السلطان - سندويشة وشاورما,جاب كوكيز - قهوة الامراء,فريش واي,صراف بنك الرياض,مغسلة درب الصيانة -  بنشر درب الصيانة,2025
MK007,مكة,النوارية,Open,صامولجي - ترويقة زمان - بيتزا ريتا - ماكدونالدز - قيس ايسكريم,رو  - المذاق المغربي - جوينت -  ريشو  -  بوبا بيرلز - انسول,بنده,,,2025
MK014,مكة,خليص,Open,,كافيانو كوفي,,,,2025
MK016,مكة,الرصيفة,Open,تست شطائر - طعمية السلطان,قهوة الامراء - بون كوفي - عنوان القهوة  -  UP كوفي,فريش واي,,درب الصيانة - مغسلة  car wash,2025
MK017,مكة,عرفات الشوقية,Open,بوبايز -  قيس ايسكريم,بارنز - بون,فريش واي,,بنشر رواد الصيانة  - بترومين - مغسلة water wash,2025
MK018,مكة,الرصيفة المسار,Open,,بارنز -  فنو ومنو مشروبات,اسواق درب,,درب الصيانة,2025
MK019,مكة,الشرايع,Open,كنتاكي - هارديز -,بون - بارنز,فريش واي,,رواد الصيانة (بنشر- غسيل ),2025
MK020,مكة,ممشى الشوقية,Open,مذاق المنئوشة - هيام - - مشراق - كيمس,بوبا بيرلز - UP coffee - كوف,فريش واي,,بترومين - واش واي,2025
MK022,مكة,1بطحاء قريش,Open,,ديبو,فريش واي,,واش واي - بنشر درب الصيانة,2025
MK023,مكة,بن درويش,Open,,بون - زيكا - كودو - عنوان القهوة,فريش واي,,بترومين  - درب الصيانة غسيل وبنشر,2025
MK029,مكة,الدائري الثالث-الذكرى,Open,ماكدونالدز - كرك وشباتي - مشراق -  بوبايز - معلوم,بون - جوينت -  وزنة براد,أسواق درب,,بترومين -  car shield - T3 autocarwash,2025
MK031,مكة,2بطحاء قريش,Open,الطازج,بون,فريش واي,,رواد الصيانة,2025
MK033,مكة,العمرة الجديدة,Open,,تكانة كافيه,فريش واي,,,2025
MK047,مكة,القادسية,Open,ماكدونالدز,اوريف كافيه - تيم هورتينز,فريش واي,,Express care - valvoline by aramco,2025
MK049,مكة,السلولي,Open,,بون - براتو,Savve Mart,,مغسلة السلام - خدمات سيارات السلام,2025
MK064,مكة,جعرانه,Open,طعمية السلطان - سناك تشيكن,,أسواق ومخابز البوابة الكبرى,,رواد الصيانة,2025
MK068,مكة,الجموم - الكنيدري,Open,,كوفي بولس,تموينات بشرى,,,2025
MK072,مكة,العزيزية,Open,,,راشن زون ماركت,,مغسلة سيارات طيف - حلول كار,2025
MK084,مكة,الكر النازل,Open,كرك شباتي,ديوانية جهز للقهوة - كرز البن - المذاق المغربي -كويك سيب Quick sip كوفي,أسواق ومخابز سنابل العز,,,2025
MK004,الطائف,عاصفة الصحراء,Open,كرك شباتي - كنتاكي - ماكدونالدز,بون - يو كوفي - كرسبي كريم - بارنز - تيم هورتنز - دانكن,أسواق الحليس,,مغسلة From - بنشر اكس ماكس,2025
MK005,الطائف,الشيباني,Open,كرك وشباتي - كافتيريا باجيت -  ماكدونالدز,بارنز - مزاج مغربي - ايت اوز كوفي - تيم هورتنز - دانكن - كرسبي كريم -  بون - يو كوفي,أسواق الحليس,,الشموخ خدمات سيارات,2025
MK006,الطائف,جنوب الطائف,Open,,جاب كوكيز -- بارنز - دانكن - يو كوفي,أسواق الحليس,,بنشر اويل روز,2025
MK028,الطائف,احلى مساء,Open,الطازج - ماكدونالدز -  كافتيريا باجيت,مزاج مغربي - يو كوفي - كيان - بون - ايت اوز -  دوز كافيه,فريش واي,,اويل روز بنشر,2025
MK035,الطائف,الجمعية الوسام( طريق الملك فهد),Open,,,أسواق درب,,,2025
MK046,الطائف,الحليس(طريق الجنوب),Open,مملوح وسمسم,كرز البن- Pulse - ديوانية ذوق الشيوخ,,,بنشر الشموخ -  مغاسل,2025
MK063,الطائف,السواط(شهار),Open,,ايت اوز - جوينت - بارنز - دانكن,فريش واي,,ناشونال ويل ستوب,2025
MK067,الطائف,تربه,Open,,كيمس - شاي خادر,,,بنشر ناشونال اويل ستوب - مغسلة Spot less,2025
MK093,الطائف,الملك خالد,Open,,,,,دبل كير لغسيل السيارات - البترول الذهبي,2025
MK099,الطائف,البيعه,Open,,مطعم سولو سالت,,,ترويشة غسيل سيارات - بترومين -,2025
MK015,جدة,النسيم,Open,كنتاكي - هارديز -الطازج,بارنز كوفي - كرسبي كريم - بون,فريش واي,,كاراجي - بترومين,2025
MK071,جدة,الاجاويد,Open,,كورس جرايند,تموينات الخير,,ستوري لزينة السيارات,2025
MK100,جدة,الكوثر,Open,,كافيه فولت,تموينات جنى,,,2025
MK154,جدة,العليا,Open,كنتاكي,ايسو كافيه,اليخت للتسوق,,بترومين,2025
MK210,جدة,الفلاح-فلسطين,Open,,,الواحه ماكس اكسبريس,صراف بنك الانماء,,2025
JA053,جازان,خبت نخلان(الملك عبد العزيز)-جيزان,Open,,,سوبر ماركت مترو مارت,,,2025
JA060,جازان,صناعية صامطه,Open,مطعم لهب الطعام,,,,اويل زون,2025
JA061,جازان,طريق صبيا,Open,,كوفي بلاك اند وايت - دوز كافيه - Cove كافيه,فريش واي,,البترول الذهبي,2025
JA069,جازان,كورنيش جيزان,Open,مرسى مطروح,كوفي لوتسو سويت آند ستوري - ماهو كافيه -المذاق المغربي - كوفي 24 - مزاج المغربي -,فرست مارت,,,2025
JA056,جازان,الروابي-المودة,Open,,,,,,2025
RY024,الخرج,غرناطة - الخرج طريق الملك عبد الله,Open,تيكا واي - بوبايز - كودو,مزاج مغربي - دوز كافيه - تيم هورتينز,,,براعة الغسيل الالي - الزيت الذهبي,2025
RY025,الخرج,الحمرا - الخرج طريق الملك عبد الله,Open,كودو - جباتي وكرك,مزاج مغربي,فريش واي,,فال كارز مغسلة سيارات - الوقت الذهبي لغيار الزيوت,2025
RY042,الخرج,الناصفة-الخزامى,Open,كنتاكي,ريشو قهوة,,,مغسلة واش واي - ليدر اكسبريس,2025
RY075,الرياض,الدايري الشمالي,Open,الطازج - شاورما وصوص - تسالي مرصى مطروح - كودو - كنتاكي - مطعم طابور -  باسكن روبنز,هاف مليون - مزاج مغربي - يو كافيه,Trolley - ترولي,,واش واي - بترومين,2025
AS081,خميس مشيط,خميس مشيط العزيزيه,Open,,KRO كافيه,,,بترومين,2025
EP102,الشرقية,شارع أحد تاروت-القطيف,Open,,,تموينات الذاهب,صراف بنك الجزيرة,,2025
BH065,الباحة,النزهه,Open,كودو,دوز كافيه,ودق ماركت,صراف بنك الاهلي,بترومين,2025
HA043,حائل,العريفي,Open,,DOB كافيه - بوبايز - بارنز كافيه,تموينات شموع,,مغسلة طمس - مركز التقدم الذهبي خدمات سيارات,2025
EP051,الخبر,كورنيش الخبر,Open,,,,,,2025
QS055,القصيم,الدائري الشرقي,Open,,,,,,2025
JA227,جازان,العارضة,Open,,,,صراف بنك البلاد,البترول الذهبي,2026
JA272,جازان,الفيصلية,Open,,,,,,2026
AS085,عسير,خيبر بيشة,Open,,,,,,2026
AS271,عسير,مسارات درب عقبة شعار,Open,,بارنز كافيه,,,,2026
MK054,مكة,محطة طريق السيل,Open,,,,,,2026
MK300,جدة,البغدادية,Open,,,,,,2026
MK289,جدة,طريق الليث التعاون,Open,,,,,,2026
MK103,جدة,المعلمي,Open,,,,,,2026
MK216,جدة,الواحة,Open,,,,,,2026
MK223,جدة,الحمراء,Open,,,,,,2026
RY106,الرياض,نجم الدين الايوبي,Open,,,,,,2026
RY201,الرياض,الرياض - ظهرة البديعة,Open,,,,,,2026
JA256,جازان,الفطيحة,Open,,,,,,2026
JA302,جازان,جزيرة فرسان -,Open,,,,,,2026
JA092,جازان,احد المسارحة - البلدية,Open,,,,,,2026
MD009,المدينة المنورة,طريق السلام,Open,,,,,,2026
AS153,عسير,مدخل محايل,In progress,,,,,,2026
JA041,جازان,احد المسارحة - القسوم,In progress,,,,,,2026
MK044,مكة,القنفذة,In progress,,,,,,2026
MK040,جدة,درب - الروضة,In progress,,,,,,2026
MK027,الطائف,الصيانة-طريق المطار,In progress,,,,,,2026
MK066,جدة,الأمير فواز,In progress,,,,,,2026
RY095,الخرج,الخرج - السفير 4 ( الهدا ),In progress,,,,,,2026
HA052,حائل,الأمير سعود,In progress,,,,,,2026
RY105,الرياض,الأمير سعد,In progress,,,,,,2026
MK161,جدة,الحزم,In progress,,,,,,2026
EP134,الشرقية,حفر الباطن - الواحة,In progress,,,,,,2026
AS192,عسير,محطه الرؤيا,In progress,,,,,,2026
NJ219,نجران,المركب,In progress,,,,,,2026
MK021,الطائف,الوسام,In progress,,,,,,2026
MK228,جدة,جدةالملك خالد - دلهام,In progress,,,,,,2026
MD096,المدينة المنورة,الهجرة,In progress,,,,,,2026
AS141,عسير,الأمير سلطان,In progress,,,,,,2026
JA059,جازان,طريق الملك فهد جازان,In progress,,,,,,2026
MK045,رابغ,مدينة الملك عبد الله,In progress,,,,,,2026
EP074,حفرالباطن,حي الورود,In progress,,,,,,2026
MK091,الطائف,محطة السر,In progress,,,,,,2026
JA188,بيشة,محطة طريق الملك عبدالعزيز بيش,In progress,,,,,,2026
AS197,خميس مشيط,سوق الاشواق,In progress,,,,,,2026
MK191,جدة,الربوة التلاتين,In progress,,,,,,2026
MK037,مكة,الراشدية,In progress,,,,,,2026
MK260,جدة,ابحر الشمالية,In progress,,,,,,2026
AS124,عسير,الصفاء,In progress,,,,,,2026
JA094,جازان,الكربوس (محطة الزهور ),In progress,,,,,,2026
NB130,منطقة الحدود الشمالية,طريف - العقيلي -طريق الامير سلطان,Open,,,,,,2026
NB131,منطقة الحدود الشمالية,طريف -  العقيلي- طريق ابو بكر,Open,,,,,,2026
JA156,جازان,العيدابي,Open,,,,,,2026
RY083,الرياض,الحوميات,In progress,,,,,,2026
MK012,جدة,طيبه,In progress,,,,,,2026
JA070,جازان,محطة الظبية,In progress,,,,,,2026
MD224,المدينة المنورة,محطة الجمعية العربية,In progress,,,,,,2026
MK082,جدة,امنيتي(اسكان المدائن),In progress,,,,,,2026
MK326,جدة,محطة الحمدانية,In progress,,,,,,2026
MK310,جدة,الشاطئ,In progress,,,,,,2026
MK311,جدة,قويزه,In progress,,,,,,2026
MK013,مكة,بن العباس_الشوقية,In progress,,,,,,2026
MK285,جدة,القرينية,In progress,,,,,,2026
AS286,محايل عسير,صناعية محائل,In progress,,,,,,2026
MK037,مكة,الراشدية,In progress,,,,,,2026
BH050,الباحة,الاطاولة,In progress,,,,,,2026
EP133,حفر الباطن,طريق الملك عبدالله,In progress,,,,,,2026
MD194,المدينة المنورة,محطة النواة,In progress,,,,,,2026
JA155,جازان,محطة بترو بارك,In progress,,,,,,2026
MD123,المدينة المنورة,محطة بترو بارك - المدينة المنورة,In progress,,,,,,2026
MK160,مكة,محطة الشامل,In progress,,,,,,2026
RY200,الرياض,نبض - ثادج,In progress,,,,,,2026
MK205,جدة,نقز - الربوة,In progress,,,,,,2026
MK206,جدة,نقز - الاجواد,In progress,,,,,,2026
MK217,مكة,محطة المظليف,In progress,,,,,,2026
HA050,حائل,مطار حائل,In progress,,,,,,2026
MK164,مكة,محطة ولي العهد 3,In progress,,,,,,2026
BH126,الباحة,محطة الحميدان,In progress,,,,,,2026
