code,h00,h01,h02,h03,h04,h05,h06,h07,h08,h09,h10,h11,h12,h13,h14,h15,h16,h17,h18,h19,h20,h21,h22,h23
AS153,4443,3108,2319,1885,1538,2697,3306,3678,3484,3152,2857,2761,2537,2919,3106,3360,5732,7273,6700,6603,6796,7374,6712,5460
EP051,5600,3850,2689,1763,1501,2721,4211,4529,3468,3549,3500,3713,5257,5811,6008,6684,8563,8693,7836,8192,8252,8066,7253,6492
HA043,3576,2824,2472,1654,1139,1036,1285,1496,1440,1752,1757,1789,1918,2482,2823,2844,3773,3937,3762,3969,4105,4251,4162,3944
JA041,3256,2350,1715,1561,1506,2432,3456,3839,3490,3641,3381,3234,2749,2583,2716,2811,4545,5670,5211,5137,4877,5448,4956,4213
JA053,5760,4334,3198,2595,2124,3611,6767,8630,6975,5871,4337,3411,3260,3678,3706,4327,7649,9062,7663,8551,8409,9276,8412,6817
JA056,2397,1413,1078,970,952,1850,3100,4376,2954,2372,2159,2010,1833,1806,2079,2488,3134,3643,3418,3604,3341,3619,3174,2791
JA060,1989,1461,1140,647,412,557,1358,2815,4265,4365,4251,4022,3276,1942,1838,1997,4700,6986,6151,6500,6229,6369,4624,2834
JA061,4259,3233,2790,2189,2437,3672,4104,5331,4098,4275,4354,4354,3960,3924,5138,5310,5926,6767,4868,4969,4675,5140,5304,4974
JA069,13576,11956,10928,8601,6163,5368,5884,8055,6004,6209,6406,6012,7012,6313,6300,5151,6317,9157,8804,8446,8638,10117,10834,10611
JA092,14301,10957,9034,5953,4287,7820,10840,12296,11017,10759,9865,8827,8699,9878,9031,8968,16606,20342,15668,18481,17962,21419,19667,16232
JA348,4494,3242,2888,2045,1770,2983,3400,3393,2946,2838,2522,2042,2015,2219,2133,2174,4258,5403,4777,4746,4396,5458,5107,4594
MD009,1150,645,635,506,318,446,440,439,396,479,510,510,466,436,447,607,776,1001,1087,1024,943,1036,1040,962
MK001,19036,14281,10455,9057,7199,9411,14176,16360,13730,13052,11884,11499,11956,14544,14910,15452,19247,24759,21460,22744,23077,23756,22958,20506
MK002,7499,5498,4319,3747,2992,3426,5827,8169,7178,6863,6713,6273,6225,6605,7153,7764,9537,12611,11560,11749,11404,11133,10448,8591
MK003,35478,28769,24517,18774,14659,14917,21505,30454,26555,26090,24844,25648,26158,31565,35709,38813,41443,47691,39643,37207,37621,38598,38561,34981
MK004,12230,9376,8355,7228,6715,8974,9912,9526,8180,8649,9086,9084,9614,11535,12482,13423,16213,17693,15559,13961,13800,13669,12725,11625
MK005,7750,5927,5292,4031,3186,4315,5275,6020,4785,4819,5233,4946,5405,6234,6722,7205,10065,11327,10298,9305,9439,9494,8526,7435
MK006,5693,4679,3846,3060,2890,4565,4997,4780,4373,4526,4674,4013,4480,5958,7648,7288,10343,11565,10013,8047,8141,7877,6770,5319
MK007,46701,34632,27780,22784,18377,21469,31237,36163,32507,30708,29793,28805,32121,35360,41197,42283,47166,55121,47488,47999,50226,52291,50309,40738
MK008,7550,6485,5228,4448,4119,5914,7790,7063,6190,6027,5095,5063,5223,5666,5697,6665,8770,10177,10181,10017,10328,10202,9602,7970
MK014,3770,2847,2172,1941,1907,2476,3500,3905,3307,3008,2960,2867,4081,3708,4077,4971,5045,5019,5229,4886,4554,4582,4125,3464
MK015,12205,8526,7207,4378,2729,3732,6403,6691,6650,6891,6481,5896,5988,7139,7358,7233,8967,10640,11543,9967,11723,11430,11692,10344
MK016,16372,11521,8752,6421,4931,5934,10392,12490,9585,9214,8358,9078,9850,13340,11577,12047,15785,19117,16691,17556,17690,20299,20123,18222
MK017,14791,11455,8195,5974,4336,5303,8071,9629,8271,7823,7650,7873,8031,11173,10111,10262,14317,17094,14762,15597,16273,18247,17831,15996
MK018,6538,4413,3217,2421,2154,3027,4098,4486,4576,4911,4804,4628,5447,5893,5680,5702,6771,7798,7496,7143,7446,7731,7846,6520
MK019,4955,3913,3106,2480,1902,1954,2583,3255,2763,2598,2562,2761,2796,3142,3529,3822,5296,5908,5438,5511,5744,6245,5755,5416
MK020,15794,12040,9269,7444,5359,6618,10516,11540,9420,9027,8263,8419,8719,11123,10235,10652,14292,16708,15209,16772,17332,18704,18148,17089
MK022,7982,6049,4649,3597,2511,4076,6538,7282,5659,5648,4854,4927,5266,6835,6293,6412,9653,11769,10234,10615,10677,11377,10227,8864
MK023,9028,6551,5302,4281,3087,4466,6674,7098,5130,5014,4768,4873,4544,6218,5806,5726,8764,10988,8683,9953,10088,11241,10598,8701
MK028,13019,10481,11046,8269,7511,8113,9806,10713,7749,7057,7401,8197,9039,12154,14716,15178,16086,19531,15403,15644,14959,14774,13789,13291
MK029,18854,14125,11207,8418,5322,6169,9516,12710,11131,11026,10547,10855,11840,13887,13440,14085,17982,20670,18050,18214,18592,20632,19465,16437
MK031,5910,4704,3787,3151,2229,2635,4327,4562,3872,3692,3521,3540,3647,4753,4851,4806,6222,7041,5256,6432,6290,6591,6259,5800
MK033,12277,9860,7639,6506,6293,9674,15153,13798,11286,9983,9411,9285,9614,11064,11367,12367,16098,18723,16548,18849,17677,16970,15784,12929
MK035,6691,4829,3900,3020,2533,3756,5990,6471,4685,4530,4422,4338,4556,6512,6268,6674,10242,11800,9769,10596,10410,10715,9070,8119
MK046,6154,4383,3223,2908,2646,4995,5800,5856,5633,5999,6116,5738,5429,6831,8471,9063,9933,11374,10238,8670,8561,7875,6857,5112
MK047,17462,13407,10426,8438,6228,7592,12250,15627,11485,10021,8835,8636,9136,11407,11147,12198,16284,22693,19230,19524,20158,21547,20767,18235
MK054,4770,3011,2350,2283,1837,3057,3621,3462,3083,3032,3003,3259,3713,3562,4920,6309,7634,9396,7704,6029,5178,4804,4523,4092
MK063,16120,14001,12114,9179,5326,4315,5150,6445,4916,4935,4960,5073,5708,7335,7537,8070,11935,15494,13502,13388,13787,14495,14770,15087
MK064,11554,9081,7533,6086,4790,6546,8809,9154,8346,8172,7620,7267,6819,7657,8275,9554,13055,16387,13503,13738,13563,14551,13880,12131
MK068,9656,7356,5831,4585,3307,5509,8164,8133,6642,6150,6110,6074,5601,7364,6563,6245,9785,12750,10500,11729,11801,13868,12929,9451
MK071,8903,7353,5819,4693,3923,6272,9479,9126,8035,7045,6058,5701,6412,8136,7708,8184,10581,11865,10499,11462,11653,11648,10866,9288
MK072,23816,21490,19174,18279,17684,15536,16480,18132,17020,16113,16338,16204,19546,21504,23374,26669,28616,29057,25630,25564,22954,22813,23651,19553
MK084,6957,5685,4800,4065,3452,3090,3177,2990,2492,2297,2482,2781,3169,3430,5072,6070,6721,7756,7505,8277,8261,7585,7001,6391
MK093,5544,4308,3362,2724,1957,2533,4028,4313,3346,3388,3498,3454,3788,5731,5040,5046,8851,9481,6913,7559,7546,8285,7032,6219
MK099,5410,4314,4115,3561,1827,1701,2649,2589,2257,2376,2700,2778,2858,3634,3773,4261,5259,6219,5457,5568,5765,6176,5987,5429
MK100,2986,2173,1697,1427,1161,1893,2655,3143,2618,2284,2231,2080,2549,3031,3255,3071,3839,4266,3959,4280,4469,4540,3906,3271
MK210,11774,9096,7180,5412,4293,5605,7292,7841,8356,8021,8407,8276,8251,10128,10467,10921,12569,14393,12202,13636,14260,14498,13961,11850
MK289,12617,9510,7741,6935,6641,9144,15241,18800,17451,15949,15697,14891,15421,18045,18287,19651,22848,25159,21090,22777,21522,20458,18183,14749
MK323,2274,1953,2414,1162,575,668,928,1010,1070,1059,1058,1205,1178,1153,1753,1641,1921,2198,2219,1972,2123,2370,2305,2259
NJ219,310,218,192,134,135,212,303,298,336,358,361,277,215,310,473,623,847,821,759,828,605,617,534,391
QS055,4372,3265,2655,2052,2668,2698,2803,3104,2918,3047,3045,2820,2917,2843,3222,3809,5665,6917,6341,6183,5923,5378,4701,3892
RY024,4172,3154,2436,1592,1233,1553,3155,2952,2612,2911,2939,2976,3848,3188,2997,3110,5528,5568,5092,5531,5897,6376,6064,5082
RY025,7864,5405,4030,2812,3230,4530,6285,5943,5063,5303,5230,5550,6212,6354,6350,6387,9312,9699,9474,10171,10725,11777,10791,9469
RY042,3015,1681,1397,1066,1483,2387,4741,3980,3108,2984,2747,2613,3050,3614,4296,4325,6149,6119,5380,5725,4973,4858,4240,3505
RY075,9967,6523,5131,3932,3533,4286,6560,8275,9311,9986,9771,9657,12391,12196,12119,13299,14795,14793,13621,14673,15237,15193,12690,10104
