code,name,region,days,revenue,volume,visits,vol_ok,avg_invoice,lpv,diesel_vol,g95_vol,g91_vol,pay_unknown,pay_cash,pay_card,pay_fleet,night_vis,peak_hour,jan_lpd,jul_lpd
MK007,العمرة الجديدة,مكة,212,58264209.09,27605223.08,903255,1,64.5,30.562,9090428.7,8988034.5,9526759.8,1627.92,28955737.28,26246359.2,3059191.79,460794,17,137112.2,132637.5
MK003,العوالي,مكة,212,45452187.58,20100453.41,740200,1,61.41,27.155,0,9539392.0,10538607.2,18306520.57,8400297.9,17409136.09,1335737.02,363725,17,94259.0,98349.5
MK289,طريق الليث - الفضيلة,جدة,207,34048973.63,17705303.69,388807,1,87.57,45.538,12383944.6,1860824.6,3460534.5,24727185.74,6478143.11,2112133.62,731481.16,171367,17,,101691.9
MK072,العزيزية,مكة,211,24068678.6,4546591.96,505197,0,47.64,9.0,676906.5,1004078.7,2865606.8,3291.37,21590243.93,465549.53,2008657.77,256144,17,,52576.4
MK004,عاصفة الصحراء,الطائف,122,21858587.87,10466544.24,269614,1,81.07,38.82,4161910.2,2899403.5,3405230.5,5623.82,9413235.84,10146714.09,2293014.12,134217,17,,96692.0
MK047,القادسية,مكة,197,19752239.36,9374059.96,332733,1,59.36,28.173,3056002.1,3119153.9,3198904.0,19752239.36,0,0,0,183014,17,50510.0,
MK029,الدائري الثالث - الذكرى,مكة,212,19533987.64,3907416.37,333174,0,58.63,11.728,854300.5,1401584.8,1651531.0,3290.99,7078967.79,9195821.28,3255747.58,175485,17,,39692.6
MK028,أحلى مساء,الطائف,197,19217443.34,8582032.41,283926,1,67.68,30.226,871409.9,3699318.2,4011304.4,19217443.34,0,0,0,146299,17,48597.5,
MK033,أبو وافي العمرة,مكة,212,18678267.68,9236482.92,299155,1,62.44,30.875,4691428.9,1648376.4,2896677.6,7187.18,15871852.47,1323842.44,1475161.59,151006,19,44243.6,46076.5
RY075,الدائري الشمالي,الرياض,212,18394665.04,6003093.94,248043,0,74.16,24.202,557819.7,2594959.2,2850315.1,13096.48,3227149.17,14017399.71,1136601.68,114890,20,,38971.0
MK001,جبل النور,مكة,208,16778524.72,7442595.94,385509,1,43.52,19.306,0,3199255.0,4243340.9,16778524.72,0,0,0,203940,17,29793.2,
MK016,الرصيفة,مكة,195,13274969.34,5897181.14,305345,1,43.48,19.313,0,2406233.0,3490948.1,13274969.34,0,0,0,164512,21,31066.5,
MK017,عرفات الشوقية,مكة,212,12811088.71,5669300.08,269065,1,47.61,21.07,0,2640813.5,3028486.6,12811088.71,0,0,0,148760,21,24723.8,24011.9
JA092,الصفا - أحد المسارحة,جازان,161,12646770.3,5682448.02,298909,1,42.31,19.011,354553.9,2651160.2,2676733.9,4336.79,5043239.59,7211934.77,386700.22,161781,21,,39840.3
MK020,ممشى الشوقية,مكة,212,12532864.6,5547520.97,288692,1,43.41,19.216,0,2562801.0,2984720.0,12532864.6,0,0,0,159778,21,25203.4,26048.4
MK064,الجعرانة,مكة,212,12280255.01,5824497.14,238071,1,51.58,24.465,1918390.9,1821216.3,2084889.9,4851.57,7356595.27,3780959.86,1137584.72,126956,17,24855.1,28670.8
MK063,السواط - شهار,الطائف,197,12102486.91,5396465.86,233642,1,51.8,23.097,387517.7,2472983.1,2535965.1,12102486.91,0,0,0,146084,0,25485.2,
MK210,الفلاح - فلسطين,جدة,178,11893577.19,5774140.13,238689,1,49.83,24.191,2213959.9,1116037.4,2444142.8,0,7757893.89,4132404.27,3229.03,123767,21,,33927.0
MK022,بطحاء قريش 1,مكة,212,10976756.31,5251558.32,171994,1,63.82,30.533,1915461.9,1496004.1,1840092.3,10976756.31,0,0,0,90858,17,22635.6,22354.7
MK046,الحليس - طريق الجنوب,الطائف,86,10734609.73,5071254.27,157865,1,68.0,32.124,1679339.2,1485989.6,1905925.5,2532.44,4711419.78,5377339.77,643317.74,71622,17,,69476.6
MK035,الجمعية الوسام,الطائف,197,10693687.63,5034304.65,159896,1,66.88,31.485,1622124.1,1630638.0,1781542.6,10693687.63,0,0,0,83408,17,23413.9,
MK014,خليص,مكة,212,9944883.17,5051062.26,88401,1,112.5,57.138,3178830.1,819765.2,1052466.9,4422.49,3206773.55,3897884.76,2835782.37,41953,18,23539.5,25385.0
JA069,كورنيش جيزان,جازان,212,9844948.5,4379647.91,192862,1,51.05,22.709,126582.7,2312843.0,1940222.2,2081.49,2005932.47,7175362.09,661288.45,114042,0,21485.3,19508.8
MK005,الشيباني,الطائف,94,9753536.53,4294875.64,163034,1,59.83,26.343,16039.0,1960366.9,2318469.8,2003.76,2400034.37,6931566.07,419932.33,84998,17,,47161.7
MK015,النسيم,جدة,96,9504303.64,4216698.32,191813,1,49.55,21.983,0,1749988.9,2442422.5,6449.91,3273219.24,6046030.78,178525.71,105476,0,,41376.7
RY025,الحمرا - طريق الملك عبدالله,الخرج,194,9202045.74,4174537.27,167966,1,54.79,24.853,421424.2,1775524.8,1977588.2,9202045.74,0,0,0,90278,21,19579.2,
MK068,الجموم - الكنيدري,مكة,212,9014842.11,4094411.65,196103,1,45.97,20.879,574624.2,1816969.0,1702818.4,3850.69,3986520.6,4312248.01,711741.81,106522,21,20605.6,18749.0
MK002,المعيصم,مكة,212,8668260.06,3846952.85,183284,1,47.29,20.989,0,1625032.0,2221920.8,8530290.24,56541.34,78197.48,3231.0,92366,17,44360.4,12120.2
MK054,طريق السيل,مكة,142,8627816.46,4200421.61,104632,1,82.46,40.145,1868643.4,1053791.2,1277987.0,28297.52,4375300.29,3293539.36,930629.29,49638,17,,43841.5
MK071,الأجاويد,جدة,212,8619599.05,4016738.55,200709,1,42.95,20.013,791155.5,1155907.8,2069675.2,1776.02,3465552.4,4333866.4,818264.23,102379,17,17650.2,19650.2
MK084,الكر النازل,مكة,212,8447420.51,3837524.11,121506,1,69.52,31.583,491227.4,1567447.4,1778849.3,2610.6,3525672.67,4144454.83,774034.04,73069,19,18409.3,24517.6
MK006,جنوب الطائف,الطائف,88,8283038.89,3651542.62,145545,1,56.91,25.089,0,1616763.0,2034779.6,4340.06,2781141.53,4931881.67,565675.63,70900,17,,50695.2
MK023,بن درويش,مكة,212,7567441.05,3354025.19,167582,1,45.16,20.014,0,1483624.5,1870400.7,7502839.75,20181.29,38011.07,6408.94,91979,21,16959.1,13827.6
MK008,الحسينية,مكة,101,7363845.41,3275501.09,171470,1,42.95,19.102,0,1271696.3,2003804.8,2915.85,4600781.38,2421719.1,338429.08,92044,20,,33698.1
JA061,طريق صبيا,جازان,197,7336072.51,3618769.82,106051,1,69.17,34.123,1561325.9,988403.5,1069040.4,7336072.51,0,0,0,48510,17,20398.5,
EP051,كورنيش الخبر,الشرقية,212,7286815.45,3310769.46,128201,1,56.84,25.825,296886.7,1235157.6,1778725.2,1545.47,1627599.66,1920361.38,3736246.07,64215,17,12006.2,17776.6
QS055,الدائري الشرقي,القصيم,212,7054473.42,3479286.33,93238,1,75.66,37.316,1588512.5,778789.0,1111984.9,1372.48,2396635.23,3849592.85,806622.86,50128,17,16860.0,17369.0
JA053,خبت نخلان,جازان,212,6813042.63,3168406.79,138423,1,49.22,22.889,737137.6,1290353.9,1140915.3,71.93,3180561.37,2950636.15,681339.18,70750,21,17016.4,16693.1
MK093,الملك خالد,الطائف,181,6303626.0,2840016.64,123946,1,50.86,22.913,269503.5,1033822.3,1536690.9,1477.61,1605492.54,3362285.86,1334369.99,63982,17,13933.8,
MK018,الرصيفة المسار,مكة,123,6226942.09,2895735.11,130746,1,47.63,22.148,606554.2,813905.3,1475275.6,1924.62,3863482.05,1532537.43,828977.99,65952,22,,24776.4
MK031,بطحاء قريش 2,مكة,196,6134127.33,2888142.35,113878,1,53.87,25.362,801034.1,812114.1,1274994.1,6134127.33,0,0,0,59044,17,16376.6,
RY042,الناصفة,الخرج,212,5491452.11,2566501.12,87436,1,62.81,29.353,630579.9,950206.3,985715.0,2345.0,1650007.48,3179744.05,659255.58,39710,16,10639.9,13930.8
RY024,غرناطة - طريق الملك عبدالله,الخرج,194,5146143.89,2286112.36,89966,1,57.2,25.411,0,1084488.3,1201624.1,5146143.89,0,0,0,48182,21,12178.1,
AS153,مدخل محايل,عسير,100,5024619.78,2268756.98,99800,1,50.35,22.733,301967.8,829654.4,1137134.8,3467.04,2605105.73,2350584.29,65363.72,55635,21,,25698.9
MK019,الشرايع,مكة,211,4899104.01,2163898.84,93434,1,52.43,23.16,0,1069617.2,1094281.6,4899104.01,0,0,0,52419,21,18347.4,
MK099,البيعة,الطائف,212,4492250.07,1986574.78,96663,1,46.47,20.552,44367.4,901179.2,1041028.2,1192.74,1195710.45,2135178.03,1160038.85,55310,17,7672.6,10128.4
MK100,الكوثر,جدة,212,3917479.75,1881407.78,70784,1,55.34,26.58,638014.6,437008.7,806384.4,1272.6,1412721.4,1786434.51,717051.24,35762,21,8456.5,9008.8
JA041,القسوم - أحد المسارحة,جازان,99,3909219.29,1759063.07,84777,1,46.11,20.749,130390.2,836178.8,792494.2,0.13,1599018.09,2142548.2,167652.87,42662,17,,20788.0
HA043,العريفي,حائل,197,3444063.0,1549722.91,64190,1,53.65,24.143,145120.8,506658.3,897943.8,3444063.0,0,0,0,36894,21,8777.6,
JA056,الروابي - المودة,جازان,212,3226032.37,1504042.15,60561,1,53.27,24.835,328688.0,546030.6,629323.5,1322.01,1203131.97,1712340.91,309137.48,28607,7,6255.1,7793.5
JA060,صناعية صامطة,جازان,197,2819666.08,1319106.1,80728,1,34.93,16.34,304919.5,419906.1,594280.5,2819666.08,0,0,0,38913,17,6383.4,
JA348,جنوب صبيا,جازان,57,2767864.97,1261271.55,81843,1,33.82,15.411,160144.6,538472.8,562654.2,1255.14,1458099.45,1208428.27,100082.11,46500,21,,25003.4
MK323,جبل ثور - جوهرة النسيم,مكة,87,1918370.53,848454.55,38468,1,49.87,22.056,0,402342.7,446111.8,17.17,585878.08,1292873.31,39601.97,22294,2,,9016.9
MD009,طريق السلام,المدينة المنورة,70,937221.68,446111.54,16299,1,57.5,27.37,143692.5,137173.6,165245.5,855.8,350997.52,584229.58,1138.78,9792,0,,7725.5
NJ219,المركب,نجران,37,492335.82,228144.65,10157,1,48.47,22.462,40932.6,75981.5,111230.6,1351.6,241747.25,204172.26,45064.71,4935,16,,6659.7
