category,category_ar,code,name,company,city,area,location
own_operating,استثماري — مشغّل,AS153,محطة مدخا محايل,,جازان,5420,https://maps.app.goo.gl/ox7gqeLGx243bj1RA?g_st=iw
own_operating,استثماري — مشغّل,EP051,كورنيش الخبر,,الخبر,3375,https://maps.app.goo.gl/PfE8GFSyqqDGU7Gz6
own_operating,استثماري — مشغّل,HA043,العريفي - حائل,,حائل,4262,https://goo.gl/maps/ci4mixf5LN7HY4q9A
own_operating,استثماري — مشغّل,JA041,القسوم,,جازان,10839.39,https://maps.app.goo.gl/m7gcmdXPZFEh8bcU9
own_operating,استثماري — مشغّل,JA053,خبت نخلان صبيا(الملك عبد العزيز),,جازان,14000,https://goo.gl/maps/Nn5b8EQdtAd44zm9A
own_operating,استثماري — مشغّل,JA056,المودة - الروابي,,جازان,7276,https://goo.gl/maps/P3WWAw6azQcEZ3Ro9
own_operating,استثماري — مشغّل,JA060,صناعية صامطه,,جازان,5894,https://goo.gl/maps/RCGeg8G6kSU9fEB36
own_operating,استثماري — مشغّل,JA061,طريق صبيا,,جازان,3124,https://goo.gl/maps/trjimHceTebWLBL46
own_operating,استثماري — مشغّل,JA069,كورنيش جيزان,,جازان,7500,https://maps.app.goo.gl/djwS26xET4c2PUZS9
own_operating,استثماري — مشغّل,MK001,جبل النور,,مكة,2367,https://goo.gl/maps/pYuyrfZMYFdfdr1p8
own_operating,استثماري — مشغّل,MK002,المعيصم,,مكة,7071,https://goo.gl/maps/Ue8su97RbHy5VhFS9
own_operating,استثماري — مشغّل,MK003,العوالي,,مكة,19993.75,https://goo.gl/maps/gVAYM5gLFf5qzsZz6
own_operating,استثماري — مشغّل,MK004,عاصفة الصحراء,,الطائف,20966,https://goo.gl/maps/fRC384NPqRoNEiqY8
own_operating,استثماري — مشغّل,MK005,الشيباني (الحلقة الشرقية),,الطائف,9029,https://goo.gl/maps/T1A19cmz3MtZxR3E6
own_operating,استثماري — مشغّل,MK006,جنوب الطائف ( العنود),,الطائف,4735,https://goo.gl/maps/B4RFMbw673ZTvVsG7
own_operating,استثماري — مشغّل,MK007,النورية العمرة الجديدة,,مكة,120000,https://goo.gl/maps/4UAzr29pQwPGjYtB6
own_operating,استثماري — مشغّل,MK008,جنوب الحسينية,,مكة,3408,https://goo.gl/maps/61Q5mqRoPBWKwbic6
own_operating,استثماري — مشغّل,MK014,خليص,,خليص,6987,https://maps.app.goo.gl/mhmFLSyba2JPH9mz9
own_operating,استثماري — مشغّل,MK015,النسيم,,جدة,5618,https://goo.gl/maps/QQn5LYZTv73Fz2d19
own_operating,استثماري — مشغّل,MK016,الرصيفة 1,,مكة,4343.5,https://goo.gl/maps/aeB79YDEs9Zp2FhB9
own_operating,استثماري — مشغّل,MK017,عرفات الشوقية(الشيخ محمد بن جبير),,مكة,3625,https://goo.gl/maps/ZUEyWX2BDjmzKe1eA
own_operating,استثماري — مشغّل,MK018,عرفات الرصيفة (مسار),,مكة,1463,https://goo.gl/maps/WZR9DyR8U8SGNQrQA
own_operating,استثماري — مشغّل,MK019,عرفات الشرائع,,مكة,3270,https://goo.gl/maps/cvgHKCbrp77sNaEh8
own_operating,استثماري — مشغّل,MK020,ممشى الشوقية,,مكة,4338,https://goo.gl/maps/9jNSr8FPFQ1iYgsq9
own_operating,استثماري — مشغّل,MK022,بطحاء قريش  الدائري الرابع,,مكة,3693,https://goo.gl/maps/TFRBQjbTrJiCzySc7
own_operating,استثماري — مشغّل,MK023,بن درويش ( الفردوس ),,مكة,4488,https://goo.gl/maps/TB8ng6iVp9b3hqoF8
own_operating,استثماري — مشغّل,MK028,مسره (أحلى مسا ),,الطائف,7246,https://goo.gl/maps/yWcjHeKtRncUBKpAA
own_operating,استثماري — مشغّل,MK029,الذكرى الخالدة (الخالدية),,مكة,8306,https://goo.gl/maps/t7NCR68SxewbjtaJ9
own_operating,استثماري — مشغّل,MK031,بطحاء قريش 2(طريق القاضي),,مكة,1754,https://goo.gl/maps/DWePicsCFn5Qxc3w7
own_operating,استثماري — مشغّل,MK033,العمرة الجديد (النورية حي الفتح),,مكة,13279,https://goo.gl/maps/2CXvu2Li2yogJtf36
own_operating,استثماري — مشغّل,MK035,الجمعية الوسام( دائري الطائف),,الطائف,2262,https://maps.app.goo.gl/kKtDALJz4s4vMrn68
own_operating,استثماري — مشغّل,MK046,الحليس(طريق الجنوب),,الطائف,3120,https://goo.gl/maps/oy7SsWTG1XUJNHxGA
own_operating,استثماري — مشغّل,MK047,القادسية(الراشديه),,مكة,5078,https://maps.app.goo.gl/x9JtxnKeMYzfLnuE8
own_operating,استثماري — مشغّل,MK054,محطة طريق السيل,,مكة,44009.66,https://maps.app.goo.gl/NMdtUEqBDDcBuyey7
own_operating,استثماري — مشغّل,MK063,السواط(شهار) (الردف),,الطائف,2991,https://goo.gl/maps/Cv7FNCiNpkwmZbMUA
own_operating,استثماري — مشغّل,MK064,جعرانة,,مكة,5492,https://maps.app.goo.gl/DPwoc45b6smPSSrC8
own_operating,استثماري — مشغّل,MK068,الجموم الكنيدري,,مكة,1413,https://maps.app.goo.gl/g6qUgEfeMakR9Xx78?g_st=iw
own_operating,استثماري — مشغّل,MK071,الاجاويد,,جدة,1607.22,https://maps.app.goo.gl/9WsEJed4Zze8AY7B9
own_operating,استثماري — مشغّل,MK072,العزيزية بن دهيش,,مكة,2948,https://maps.app.goo.gl/B8kjxp3r1riMbVFY7
own_operating,استثماري — مشغّل,MK084,الكر,,مكة,7390,https://maps.app.goo.gl/QX41mryks9LHyUJs8
own_operating,استثماري — مشغّل,MK093,الملك خالد (الجال),,الطائف,2641,https://maps.app.goo.gl/RojkqknncNLZvbLbA
own_operating,استثماري — مشغّل,MK099,البيعه,,الطائف,3210.7,https://maps.app.goo.gl/185ghMzKFHBXUvGb9
own_operating,استثماري — مشغّل,MK100,الكوثر,,جدة,2486.43,https://maps.app.goo.gl/ehcZcCLpBkdGdpk27
own_operating,استثماري — مشغّل,NJ219,المركب,,نجران,5782,https://maps.app.goo.gl/TbwRSC3vitxu8LWV8?g_st=iw
own_operating,استثماري — مشغّل,QS055,الدائري الشرقي,,القصيم,7180,https://maps.app.goo.gl/Q67wK85AFYbrdhHBA
own_operating,استثماري — مشغّل,RY024,غرناطة  - الخرج طريق الملك عبد الله,,الخرج,7000,https://goo.gl/maps/bUedjoHNfddaKbFh8
own_operating,استثماري — مشغّل,RY025,الحمرا - الخرج طريق الملك عبد الله,,الخرج,3633,https://goo.gl/maps/BUnX4QYhghrDiDSv7
own_operating,استثماري — مشغّل,RY042,الخزامى (العرجاني),,الخرج,7390,https://maps.app.goo.gl/q2sgWVgsPrmJ873o9
own_operating,استثماري — مشغّل,RY075,الدائري الشمالي (حي الفلاح ),,الرياض,13300,https://maps.app.goo.gl/KTGM2JKZXcPDz9v29
franchise_operating,امتياز — يعمل بالهوية,AS081,خميس مشيط العزيزيه,مسارات درب - سعود المنبهي,,,https://maps.app.goo.gl/cAMoLcHkhqfSfzpU9
franchise_operating,امتياز — يعمل بالهوية,AS085,الخيبر بيشة,مسارات درب - سعود المنبهي,,,https://maps.app.goo.gl/eyG5p4QfWZj4oZDf7
franchise_operating,امتياز — يعمل بالهوية,AS271,مسارات درب عقبة شعار,مسارات درب - سعود المنبهي,,,https://maps.app.goo.gl/ewjKbPJNmDinsT4o6
franchise_operating,امتياز — يعمل بالهوية,BH065,النزهه,شركة الالاء الوطنية - ابو راس,,,https://maps.app.goo.gl/ky16rYMSFc5wvK166
franchise_operating,امتياز — يعمل بالهوية,EP102,طريق احد,شركه هال - احمد بوهال,,,https://maps.app.goo.gl/SSanFSzA9gRSvBxP6
franchise_operating,امتياز — يعمل بالهوية,EP134,فيو الواحة,شركة فيو للوقود,,,https://maps.app.goo.gl/xZK3rket6cpvBAng6
franchise_operating,امتياز — يعمل بالهوية,JA092,احد المسارحة -الصفا محمد بن ناصر,شركة درب الجنوب الاولي المحدودة,,,https://maps.app.goo.gl/okQSWy8ar4ra3mxW9
franchise_operating,امتياز — يعمل بالهوية,JA156,ركن جاز العيدابي - لتركو,مؤسسة محطة ركن جاز للمحطات,,,https://maps.app.goo.gl/EhpAbCZMRc2jMZkt5
franchise_operating,امتياز — يعمل بالهوية,JA207,الطالبي - الحقو,مؤسسة محطة ركن جاز للمحطات,,,https://maps.app.goo.gl/B7xPKDBS1YRMJkTV8
franchise_operating,امتياز — يعمل بالهوية,JA227,ركن جاز الحزام الجنوبي,مؤسسة محطة ركن جاز للمحطات,,,https://maps.app.goo.gl/piScKzjZDhz6UB7C8
franchise_operating,امتياز — يعمل بالهوية,JA256,ركن جاز الفطيحة,مؤسسة محطة ركن جاز للمحطات,,,https://maps.app.goo.gl/x2BstDR6BoPmptei6
franchise_operating,امتياز — يعمل بالهوية,JA272,مسارات درب الزامل,مسارات درب - سعود المنبهي,,,https://maps.app.goo.gl/1UKNnM8vmRyiqaSWA
franchise_operating,امتياز — يعمل بالهوية,JA302,ركن جاز الفرسان,مؤسسة محطة ركن جاز للمحطات,,,https://maps.app.goo.gl/NbhSTXpi6TCcUxNo6
franchise_operating,امتياز — يعمل بالهوية,JA348,محطة الجارة,شركة درب الجنوب الاولي المحدودة,,,https://maps.app.goo.gl/6zGnZoExbhnRshTFA
franchise_operating,امتياز — يعمل بالهوية,MD009,طريق السلام,واي ام اف للخدمات البترولية,,,https://maps.app.goo.gl/T6rKa4bKeKDvUK446
franchise_operating,امتياز — يعمل بالهوية,MD224,محطة الجمعية العربية,شركة/ الكشي للوقود,,,https://maps.app.goo.gl/CD3i777CLGrC4ux4A
franchise_operating,امتياز — يعمل بالهوية,MK049,السلولي,شركة درب المسار,,,https://maps.app.goo.gl/jKc2Zsqx8KTBXqHe7
franchise_operating,امتياز — يعمل بالهوية,MK067,تربه,شركة تمييز الاوفق - حمو السوداني,,,https://maps.app.goo.gl/12qPSjkZjCcMXnw76
franchise_operating,امتياز — يعمل بالهوية,MK103,اكويلا فيول - المعلمي,اكويلا فيول,,,https://maps.app.goo.gl/377XRc8ewYa7JKPz9?g_st=iwb
franchise_operating,امتياز — يعمل بالهوية,MK154,محطة العليا,ثلاث نقاط - ابو حمد,,,https://maps.app.goo.gl/Q4bhSDiUcGaqg9jj7
franchise_operating,امتياز — يعمل بالهوية,MK210,محطة الفلاح - التيسير,شركة سامي بن سلمان بن عامر الصاعدي للمحروقات,,,https://maps.app.goo.gl/tFGqrd7MyPzpM2vv6
franchise_operating,امتياز — يعمل بالهوية,MK216,الواحة,شركة التشغيل الحديث,,,https://maps.app.goo.gl/jizQGX9cUqMCPjEj9
franchise_operating,امتياز — يعمل بالهوية,MK223,بترو لايز المساعدية,شركة التشغيل الحديث التجارية,,,https://maps.app.goo.gl/NVMGSBJSSt41H2ir6
franchise_operating,امتياز — يعمل بالهوية,MK285,محطة بتروتن جده,شركة طلائع الاحلام,,,https://maps.app.goo.gl/7bpbvpfVViY5swX6A
franchise_operating,امتياز — يعمل بالهوية,MK300,بترولايز البغدادية,شركة التشغيل الحديث التجارية,,,https://maps.app.goo.gl/MFqJFptSfnSSZjzc6
franchise_operating,امتياز — يعمل بالهوية,MK311,محطة قويزة,شركة سامي بن سلمان بن عامر الصاعدي للمحروقات,,,https://maps.app.goo.gl/pbnrdjNyEyWy56co9
franchise_operating,امتياز — يعمل بالهوية,MK323,محطة جوهرة النسيم,شركة / وافي غالب الدعجاني التجارية,,,https://maps.app.goo.gl/UiPpgARAcj6kiQ4s5
franchise_operating,امتياز — يعمل بالهوية,NP130,طريق الامير سلطان,مؤسسة العقيلي للتجارة والمقاولات,,,https://maps.app.goo.gl/2fVEztcVCj3b5C2x5
franchise_operating,امتياز — يعمل بالهوية,NP131,طريق ابو بكر,مؤسسة العقيلي للتجارة والمقاولات,,,https://maps.app.goo.gl/exbaa2gLobuWYuFs5
franchise_operating,امتياز — يعمل بالهوية,RY106,طريق نجم الدين الايوبي,مؤسسة محطة أفاق درب للمحروقات,,,https://maps.app.goo.gl/WseVaSZoPz7uBH9b9
franchise_operating,امتياز — يعمل بالهوية,RY201,نبض- طنجة,شركة نبض الوقود,,,https://maps.app.goo.gl/ghSaMibh5YDca7om8
own_construction,استثماري — تحت التنفيذ,AB254,محطة الزهور,,ابها,,https://maps.app.goo.gl/ow1jGXUN3T8R2bhb8?g_st=iw
own_construction,استثماري — تحت التنفيذ,AS124,الصفاء,,بيشة,8790,https://maps.app.goo.gl/nDthCDjGWYNbbwmH9
own_construction,استثماري — تحت التنفيذ,AS189,محطة الخزامى بيشه,,بيشة,,https://maps.app.goo.gl/DeXvxtcYfpn97mMGA
own_construction,استثماري — تحت التنفيذ,AS192,محطه الرؤيا,,خميس مشيط,3575.12,https://maps.google.com/maps?q=18.377370834350586%2C42.71491622924805&z=17&hl=ar
own_construction,استثماري — تحت التنفيذ,AS193,طريق المئة,,خميس مشيط,,https://maps.app.goo.gl/h7Syc4Q85xbjaoKY9?g_st=iw
own_construction,استثماري — تحت التنفيذ,AS197,سوق الاشواق,,خميس مشيط,3587,https://maps.app.goo.gl/H3FXBLrscK7MuVMi8?g_st=iwb
own_construction,استثماري — تحت التنفيذ,AS225,محطة الفلاح,,بيشة,,https://maps.app.goo.gl/oYrzRZnB99YUSHHL8?g_st=ipc
own_construction,استثماري — تحت التنفيذ,AS226,المصيف,,ابها,,https://goo.gl/maps/s1ykbLUWawUFx5NA7
own_construction,استثماري — تحت التنفيذ,AS255,طريق الستين (نوره الشهراني),,بيشة,3850,https://maps.app.goo.gl/nDthCDjGWYNbbwmH9
own_construction,استثماري — تحت التنفيذ,AS286,صناعية محايل,,محايل عسير,13077.3,https://maps.app.goo.gl/ox7gqeLGx243bj1RA?g_st=iw
own_construction,استثماري — تحت التنفيذ,AS287,عقبة شعار,,عسير,2500,https://maps.app.goo.gl/rwxPGN2JL4GaRX9K7?g_st=iwb
own_construction,استثماري — تحت التنفيذ,AS354,محطة الواحة,,خميس مشيط,,https://maps.app.goo.gl/yrUqSdJMZJ38wnhy6?g_st=iw
own_construction,استثماري — تحت التنفيذ,AS359,المصيف خميس مشيط,,عسير,,
own_construction,استثماري — تحت التنفيذ,EP335,النزهة الاحساء,,الاحساء,,https://maps.app.goo.gl/1zcJjJu2kKzyVY5A9
own_construction,استثماري — تحت التنفيذ,EP336,طيبة الدمام,,الدمام,,https://maps.app.goo.gl/HbNJ6ZSZkRh9emEQ7
own_construction,استثماري — تحت التنفيذ,EP337,الحزام الذهبي الاحساء,,الاحساء,,https://maps.app.goo.gl/otwR4QfnHxzNmupX8
own_construction,استثماري — تحت التنفيذ,JA058,أبو عريش جازان زيارة ام الغلف,,جازان,11912,https://maps.app.goo.gl/s9Msko22UKnrJ2qQ8
own_construction,استثماري — تحت التنفيذ,JA059,طريق الملك فهد جازان,,جازان,6255,https://maps.app.goo.gl/5gRHZgehnU6EYXcq7
own_construction,استثماري — تحت التنفيذ,JA094,الكربوس (محطة الزهور ),,جازان,10120,https://maps.app.goo.gl/9A6DhgdgX5JJP3Tc6
own_construction,استثماري — تحت التنفيذ,JA141,الأمير سلطان,,بيشة,3349.58,https://maps.app.goo.gl/Bw2DJGQx6jg23Y6d9?g_st=aw
own_construction,استثماري — تحت التنفيذ,JA187,محطة درب الناصرية ( أبو عريش ),,ابوعريش,,https://maps.app.goo.gl/8bVhNexMQ4FZoXpKA
own_construction,استثماري — تحت التنفيذ,JA188,محطة طريق الملك عبدالعزيز بيش,,بيش,10250,https://maps.app.goo.gl/kFaCyVcBrNHtfJbP9
own_construction,استثماري — تحت التنفيذ,JA234,محطة الرحاب (البشاير),,جازان,,https://maps.app.goo.gl/uQTUEdvKbKTf1nA47?g_st=aw
own_construction,استثماري — تحت التنفيذ,JA259,الخالدية ضمد,,جازان,4256,https://maps.app.goo.gl/hgHPTcUW7AzH14qi9
own_construction,استثماري — تحت التنفيذ,JA353,محطة الحنيني,,صامطة,,https://maps.app.goo.gl/iaHkd6FHWGTfFLRF7
own_construction,استثماري — تحت التنفيذ,JA357,محطة الريث,,جازان,,https://maps.app.goo.gl/Rzuzjmr8cTPWAujz7?g_st=iw
own_construction,استثماري — تحت التنفيذ,MD011,ابيار,,المدينة,51714,https://maps.app.goo.gl/b41M3K7juo8MQ6dPA
own_construction,استثماري — تحت التنفيذ,MD096,الهجرة,,المدينة,40319.59,https://maps.app.goo.gl/r932iVMTx9b3yuNZ9
own_construction,استثماري — تحت التنفيذ,MK013,بن العباس_الشوقية,,مكة,772,https://maps.app.goo.gl/dADvr1o78FkkucSt7
own_construction,استثماري — تحت التنفيذ,MK021,الوسام,,الطائف,3143.5,https://maps.app.goo.gl/eHVpMimcjpUBJkVJ8
own_construction,استثماري — تحت التنفيذ,MK027,الصيانة-طريق المطار,,الطائف,5591,https://maps.app.goo.gl/uMarv5yGb4L7jLgv5
own_construction,استثماري — تحت التنفيذ,MK036,محطة حلي,,حلي,50525,https://maps.app.goo.gl/Q87z9kZ58JN1EMdUA
own_construction,استثماري — تحت التنفيذ,MK037,الراشدية,,مكة,2486,https://maps.app.goo.gl/FMCnQXFT9LhGmrrz8
own_construction,استثماري — تحت التنفيذ,MK038,محطة القديرة,,الطائف,,
own_construction,استثماري — تحت التنفيذ,MK039,محطة الجود / رابغ,,رابغ,,https://maps.app.goo.gl/vQyFVVi4dCgogwkYA
own_construction,استثماري — تحت التنفيذ,MK040,درب - الروضة,,جدة,4732.43,https://maps.app.goo.gl/LMnKapZCTa4Cm1BfA
own_construction,استثماري — تحت التنفيذ,MK044,القنفذة,,القنفذة,90000,https://maps.app.goo.gl/eV5rD8eyZw9oEUW76?g_st=iw
own_construction,استثماري — تحت التنفيذ,MK045,مدينة الملك عبد الله,,رابغ,100000,https://maps.app.goo.gl/6nnqKqdEi2TuBXh28
own_construction,استثماري — تحت التنفيذ,MK048,عشيرة,,عشيرة,,https://maps.app.goo.gl/2n8s66vt6gYdXaPf8
own_construction,استثماري — تحت التنفيذ,MK057,الريان,,الجموم,54648,https://maps.app.goo.gl/NEXWXpEVVXTwornD9
own_construction,استثماري — تحت التنفيذ,MK066,الأمير فواز,,جدة,3113.92,https://maps.app.goo.gl/iBzRbvX19vwZzyEn8
own_construction,استثماري — تحت التنفيذ,MK080,طريق السيل النازل,,مكة,,https://maps.app.goo.gl/wBSK8LDCyDdtChd86
own_construction,استثماري — تحت التنفيذ,MK082,امنيتي(اسكان المدائن),,جدة,8010,https://maps.app.goo.gl/v7uQwoRrsbcRdEiP7
own_construction,استثماري — تحت التنفيذ,MK091,محطة السر,,الطائف,9828.54,https://maps.app.goo.gl/yerUfVj9bD4QEe8EA
own_construction,استثماري — تحت التنفيذ,MK098,وادي جليل,,الطائف,,https://maps.app.goo.gl/HidRQsVqZvJq5NXw8
own_construction,استثماري — تحت التنفيذ,MK104,الخمرة,,جدة,40000,https://maps.app.goo.gl/wafLDdDYn5fJN1MSA
own_construction,استثماري — تحت التنفيذ,MK127,درب بحره,,بحرة,17590.8,https://maps.app.goo.gl/cKhGikzMLtDYUERz7
own_construction,استثماري — تحت التنفيذ,MK142,عين شمس,,الجموم,,https://maps.app.goo.gl/qLxsVNwmPgPjbY3x5
own_construction,استثماري — تحت التنفيذ,MK143,مدينة الورود,,الطائف,,https://maps.app.goo.gl/syRQo5bWzMMJ9XP8A
own_construction,استثماري — تحت التنفيذ,MK150,حداء,,بحرة,,https://maps.app.goo.gl/5BBzj7ExUDDgYBNp9
own_construction,استثماري — تحت التنفيذ,MK190,قديد,,مكة,,https://maps.app.goo.gl/bUJoRzFuvE2aDurg6
own_construction,استثماري — تحت التنفيذ,MK191,الربوة التلاتين,,جدة,3933.84,https://maps.app.goo.gl/iQqyGmzGnZoTPXJZ7
own_construction,استثماري — تحت التنفيذ,MK228,الملك خالد جدة  - دلهام,,جدة,2751.9,https://maps.google.com/maps?q=21.503795623779297%2C39.197845458984375&z=17&hl=ar
own_construction,استثماري — تحت التنفيذ,MK257,الربوة مكة,,مكة,,https://maps.app.goo.gl/Mji7fiQ8iX6WxWCF9?g_st=iw
own_construction,استثماري — تحت التنفيذ,MK258,الستين مكة,,مكة,,https://maps.app.goo.gl/ZghKvLVfusUTTt656?g_st=iw
own_construction,استثماري — تحت التنفيذ,MK260,ابحر الشمالية,,جدة,3886.39,https://maps.app.goo.gl/npjjbuwP13rnYMt28
own_construction,استثماري — تحت التنفيذ,MK310,طريق الملك,,جدة,2623.07,https://maps.app.goo.gl/URTjmdVZmF5G8r7z7
own_construction,استثماري — تحت التنفيذ,MK317,وادي وج,,الطائف,,https://maps.app.goo.gl/uvPENCwH85a8TepcA?g_st=iw
own_construction,استثماري — تحت التنفيذ,MK318,محطة الدغمية الخرمة,,الخرمة,,https://maps.app.goo.gl/jRGzT2WTT9RLMtyW8?g_st=iw
own_construction,استثماري — تحت التنفيذ,MK333,محطة الرويس  ( شارع حائل ),,جدة,,https://maps.app.goo.gl/7dBhK1JDuEPXjpgt6?g_st=iw
own_construction,استثماري — تحت التنفيذ,MK334,صناعية الطائف,,الطائف,,
own_construction,استثماري — تحت التنفيذ,MK339,محطة الشاطئ,,جدة,,https://maps.app.goo.gl/oBAW4S4XTLcQUuFZ9?g_st=iw
own_construction,استثماري — تحت التنفيذ,NA190,الحصينية,,نجران,,https://maps.app.goo.gl/36VxhrTjhdymRsbH8?g_st=iw
own_construction,استثماري — تحت التنفيذ,NJ145,المندفق,,نجران,,https://maps.app.goo.gl/M191MVsHVfjdruWT9
own_construction,استثماري — تحت التنفيذ,QS319,محطة قرطبة -  سنيدي,,القصيم,,https://maps.app.goo.gl/uBy8D3pGmFDJbzhe7?g_st=iwb
own_construction,استثماري — تحت التنفيذ,RY073,القديه,,الرياض,49125,https://maps.app.goo.gl/ThZM3DTNzcUtw98q8
own_construction,استثماري — تحت التنفيذ,RY083,الحوميات,,الحوميات,33300,https://maps.app.goo.gl/2iNRZpWjhRHtJ8TEA
own_construction,استثماري — تحت التنفيذ,RY147,حوطة بني تميم,,حوطة بني تميم,,https://maps.app.goo.gl/7ZEMAE6D1TAecuhWA
own_construction,استثماري — تحت التنفيذ,RY149,طريق الحاير,,الدلم,,https://maps.app.goo.gl/nS7Ujb35EqQivfcRA
own_construction,استثماري — تحت التنفيذ,RY312,محطة الغروب,,الرياض,,https://maps.app.goo.gl/M8b8LzA46YH1jC2P6?g_st=iw
own_construction,استثماري — تحت التنفيذ,RY338,محطة التعاون,,الرياض,,https://maps.app.goo.gl/1zPP73Je2JX63L7D7
own_construction,استثماري — تحت التنفيذ,RY355,محطة العريجاء,,الرياض,,https://maps.app.goo.gl/WUviPFVrgT7f9omx9?g_st=iw
own_construction,استثماري — تحت التنفيذ,RY356,محطة المونسية,,الرياض,,https://maps.app.goo.gl/WUviPFVrgT7f9omx9?g_st=iw
own_construction,استثماري — تحت التنفيذ,TB146,القادسية,,تبوك,10246.6,https://maps.app.goo.gl/7ZNAUu7L6vtQ2bX17
own_construction,استثماري — تحت التنفيذ,TB148,بئر بن هرماس,,تبوك,,https://maps.app.goo.gl/qUSbLwFti2wfzk5f7
franchise_inprogress,امتياز — جاري تطبيق الهوية,AS128,الفرعاء,مؤسسة روعة جاز للمقاولات العامة,خميس مشيط,,https://maps.app.goo.gl/DYV5mAWoi6psNmrL7
franchise_inprogress,امتياز — جاري تطبيق الهوية,AS211,المطار القديم,,خميس مشيط,5210,https://maps.app.goo.gl/L5JQLynd7CyAq3Z6A
franchise_inprogress,امتياز — جاري تطبيق الهوية,AS212,محايل عسر الياسمين,,محايل عسير,19807.6,https://maps.app.goo.gl/QoBjhUkvG1Rjfpk86
franchise_inprogress,امتياز — جاري تطبيق الهوية,AS328,خميس البحر,شركة تموينات الماس الذهبي للتجارة,محايل عسير,,https://maps.app.goo.gl/SNa6GqCdjzbRKh386
franchise_inprogress,امتياز — جاري تطبيق الهوية,BH108,بني عدوان (شمرخ),شركة آلاء الوطنية التجاريه,الباحة,11313.24,https://maps.app.goo.gl/8vimUHzMhPU99jax8
franchise_inprogress,امتياز — جاري تطبيق الهوية,BH253,مثلث الأطاولة العقيق,شركة آلاء الوطنية التجاريه,الباحة,3611.28,https://maps.app.goo.gl/wJBoXRVdbjaBY5hEA
franchise_inprogress,امتياز — جاري تطبيق الهوية,EP133,محطة البلدية,شركة فيو للوقود,حفر الباطن,,https://maps.app.goo.gl/PMYn8MAK9KiHQneJ8
franchise_inprogress,امتياز — جاري تطبيق الهوية,EP299,طريق قبه,مؤسسة بجاد كايد الحربي التجارية,حفر الباطن,10000,https://maps.app.goo.gl/DDVGtRLmmKmtDmbW8
franchise_inprogress,امتياز — جاري تطبيق الهوية,EP301,بترولايز الصفا,شركة التشغيل الحديث التجارية,الدمام,2922.99,https://maps.app.goo.gl/zitgCWWv7i49hGfE6
franchise_inprogress,امتياز — جاري تطبيق الهوية,EP315,وهل طريق الخليج,وهل الأولي المحدودة,الهفوف,2211,https://maps.app.goo.gl/vVrcwxh2n51oNXxX8
franchise_inprogress,امتياز — جاري تطبيق الهوية,EP316,محطة القصيم,الطاقة الرهيبة,حفر الباطن,1458,https://maps.app.goo.gl/b9F9fjwSft3Bfzvj9
franchise_inprogress,امتياز — جاري تطبيق الهوية,EP324,رمكو الصفوي,شركة محطة ربوع مكة,القطيف,,https://maps.app.goo.gl/DoG1TRwUnfwRCAiA8
franchise_inprogress,امتياز — جاري تطبيق الهوية,EP329,محطة الورود,رونق المساكن للتطوير العقاري,حفر الباطن,7987.5,https://maps.app.goo.gl/5CdfZdUp26V1hYEHA
franchise_inprogress,امتياز — جاري تطبيق الهوية,EP349,هال الاحساء,شركة هال الأولى للتجارة,الاحساء,,https://maps.app.goo.gl/UZFGfLzcm1RybF9X8
franchise_inprogress,امتياز — جاري تطبيق الهوية,HA050,مطار حائل,,حائل,15623,https://maps.app.goo.gl/iVcrbNvVuzTo9t1Z6
franchise_inprogress,امتياز — جاري تطبيق الهوية,HA052,الأمير سعود,شركة أركان درب للتطوير والاستثمار العقاري,حائل,4300,https://maps.app.goo.gl/7rLf2km3YaNFWczT8
franchise_inprogress,امتياز — جاري تطبيق الهوية,HA109,المدائن  - حائل,شركة روائع الخط الدولي,حائل,4990.8,https://maps.app.goo.gl/tRqKHwixcqpCmMte6
franchise_inprogress,امتياز — جاري تطبيق الهوية,JA026,الكربوس - طريق الملك فيصل,,جازان,14869.15,https://maps.app.goo.gl/R3Aa4yeRXbAZwHQY9
franchise_inprogress,امتياز — جاري تطبيق الهوية,JA152,أبو سبيلة,مؤسسة محطة ركن جاز للمحطات,جازان,,https://maps.app.goo.gl/VvYiUXMtHmQnEAyRA
franchise_inprogress,امتياز — جاري تطبيق الهوية,JA157,ديبر,مؤسسة محطة ركن جاز للمحطات,جازان,,https://maps.app.goo.gl/wEUGzJW9ZJTQABBN8
franchise_inprogress,امتياز — جاري تطبيق الهوية,JA209,ضمد,مؤسسة محطة ركن جاز للمحطات,جازان,,https://maps.app.goo.gl/u4JQsCJctwE7ED4d8?g_st=iw
franchise_inprogress,امتياز — جاري تطبيق الهوية,JO251,محطة الريان,شركة نخب الريان,القريات,5049.9,https://maps.app.goo.gl/rSbZF4Bnh2AfNLYZ8
franchise_inprogress,امتياز — جاري تطبيق الهوية,JO281,القريات - النسيم,شركة نخب الريان,القريات,2433,https://maps.app.goo.gl/V9KwM4ksGvsw5V2s6
franchise_inprogress,امتياز — جاري تطبيق الهوية,JO298,القريات - الصناعية,شركة نخب الريان,القريات,1962.6,https://maps.app.goo.gl/rYLzFeLEJAmZmDC4A
franchise_inprogress,امتياز — جاري تطبيق الهوية,MD097,الامام مسلم,روافد المحور / زاويه طيبه,المدينة,654.5,https://maps.app.goo.gl/4HfgXeGBMgEUbd6T9
franchise_inprogress,امتياز — جاري تطبيق الهوية,MD194,محطة النواة,شركة/ الكشي للوقود,ينبع,11405.25,https://maps.app.goo.gl/dcux79p4kbRCRQWU7
franchise_inprogress,امتياز — جاري تطبيق الهوية,MD297,المدينة عين الخيف,الطاقة الرهيبة,المدينة,30138.68,https://maps.app.goo.gl/zZZU42UcyCj5f4k68
franchise_inprogress,امتياز — جاري تطبيق الهوية,MK012,طيبه,شركة أركان درب للتطوير والاستثمار العقاري شركة ذات مسؤولية محدوده,جدة,4103.5,https://goo.gl/maps/HWwUJpTaQARBbc8t7
franchise_inprogress,امتياز — جاري تطبيق الهوية,MK070,محطة الظبية,درب الجنوب الاولي - بندر عبده محمد الوائلي,الظبية,8378,https://maps.app.goo.gl/f9BSH1i1zNsa6huPA
franchise_inprogress,امتياز — جاري تطبيق الهوية,MK161,الحزم,شركة المتحدة العربية للخدمات اللوجيستية - الحمادي,جدة,2258,https://maps.app.goo.gl/UaSNKGt5agQHrJ238
franchise_inprogress,امتياز — جاري تطبيق الهوية,MK164,محطة ولي العهد 3,شركة سام للوقود - عائشة البقمي,مكة,2038,https://maps.app.goo.gl/k5skekwRoHPxkbUr6
franchise_inprogress,امتياز — جاري تطبيق الهوية,MK205,نقز - الربوة,مؤسسة نقز للتجارة,جدة,,https://maps.app.goo.gl/PuAfiUVij9PDB2Vg6
franchise_inprogress,امتياز — جاري تطبيق الهوية,MK206,نقز - الاجواد,مؤسسة نقز للتجارة,جدة,,https://maps.app.goo.gl/CZdggqMWNigyBiXX7
franchise_inprogress,امتياز — جاري تطبيق الهوية,MK217,محطة المظليف,مؤسسة فيول لاند,المظيلف,,https://maps.app.goo.gl/jEZTq5dEVNtC4oip7
franchise_inprogress,امتياز — جاري تطبيق الهوية,MK284,محطة بتروتن مكة,شركة طلائع الاحلام,مكة ولي العهد,,https://maps.app.goo.gl/uEx98XyhDp7bGTYDA
franchise_inprogress,امتياز — جاري تطبيق الهوية,MK304,حي الرياض,شركة نقطة ايفاد للخدمات اللوجيستيه,جدة,2137.5,https://maps.app.goo.gl/v7fdHhdEkQGXjJN27
franchise_inprogress,امتياز — جاري تطبيق الهوية,MK313,محطة الصفا,شركة رايا التجارية,جدة,1209.4,https://maps.app.goo.gl/sqxLEPe4f65M3zap9
franchise_inprogress,امتياز — جاري تطبيق الهوية,MK314,قوس النصر,قوس النصر للمحروقات,مكة,,https://maps.app.goo.gl/vZKhCykEp7s7pxQX8
franchise_inprogress,امتياز — جاري تطبيق الهوية,NJ350,زهرة الجنوب  1,مؤسسة علي سعيد غريب جروان للنقليات,نجران,,https://maps.app.goo.gl/DoWTAFDofn161kAB8
franchise_inprogress,امتياز — جاري تطبيق الهوية,QS330,محطة القويع,شركة زاد الطيبات المحدودة  - البريكي,بريدة,1900.5,https://maps.app.goo.gl/Ywy97T2jvgG6EB4w8
franchise_inprogress,امتياز — جاري تطبيق الهوية,QS331,محطة البصر,شركة زاد الطيبات المحدودة - البريكي,بريدة,59822.96,https://maps.app.goo.gl/3Wfka8KZnutEo3UA6
franchise_inprogress,امتياز — جاري تطبيق الهوية,QS332,محطة البدائع,شركة زاد الطيبات المحدودة  - البريكي,بريدة,2460.92,https://maps.app.goo.gl/rgtwiZQ8XAj1ffoy6
franchise_inprogress,امتياز — جاري تطبيق الهوية,RY076,السحاب,مؤسسة محطة منير سفير المطيري للوقود,الخرج,7672.7,https://maps.app.goo.gl/HrfFWthkCngyizuv5
franchise_inprogress,امتياز — جاري تطبيق الهوية,RY077,السفير 1 ( طويق الزاهر ),مؤسسة محطة منير سفير المطيري للوقود,الخرج,1370.8,https://maps.app.goo.gl/23UjZ3bbbUE6WBsJ6
franchise_inprogress,امتياز — جاري تطبيق الهوية,RY095,السفير 4 (الهداء),مؤسسة محطة منير سفير المطيري للوقود,الخرج,2460.4,https://maps.app.goo.gl/DHvJhe9X5a6iZ89r6
franchise_inprogress,امتياز — جاري تطبيق الهوية,RY200,نبض - ثادج,شركة نبض الوقود,القصيم,42957,https://maps.app.goo.gl/qJPQ3niNBth7xSy48
franchise_other,امتياز — أخرى,AS030,الخزامة بيشة,مؤسسة مسارات درب للخدمات البتروليه,,,https://maps.app.goo.gl/zehkTSVj6phajzou9
franchise_other,امتياز — أخرى,AS107,خميس مشيط ال راسي,مؤسسة مسارات درب للخدمات البتروليه,,,https://maps.app.goo.gl/Y8GF4rNMucyhF3wp8
franchise_other,امتياز — أخرى,AS129,محطة الجنوب,مؤسسة روعة جاز للمقاولات العامة,,,https://maps.app.goo.gl/ihDU4kXzjVTZ7icK8
franchise_other,امتياز — أخرى,AS135,بيكو الضيافة,مؤسسة/ شواهد ابها للمقاولات - بيكو,,,https://maps.app.goo.gl/ZXKwSrRMAAoBBBEE8
franchise_other,امتياز — أخرى,AS136,بيكو مربة,مؤسسة/ شواهد ابها للمقاولات - بيكو,,,https://maps.app.goo.gl/eUdYn1neHQ74SJFf7
franchise_other,امتياز — أخرى,AS137,بيكو طريق الطائف,مؤسسة/ شواهد ابها للمقاولات - بيكو,,,https://maps.app.goo.gl/EamH9Hut1JupdxJz8
franchise_other,امتياز — أخرى,AS175,سام الروابي,شركة سام للوقود,,,https://maps.app.goo.gl/uGrcNWwrCXF1Nds2A
franchise_other,امتياز — أخرى,AS176,سام الوادي الأخضر,شركة سام للوقود,,,https://maps.app.goo.gl/WBLPx3Wesrj98LP19
franchise_other,امتياز — أخرى,AS177,سام صفوان,شركة سام للوقود,,,https://maps.app.goo.gl/n5VS7xFFHMxvhaF9A
franchise_other,امتياز — أخرى,AS178,سام  أحد رفيدة,شركة سام للوقود,,,https://maps.app.goo.gl/Poy267vQmHMabSMF9
franchise_other,امتياز — أخرى,AS179,سام  السلامة,شركة سام للوقود,,,https://maps.app.goo.gl/itgp1rQXc7o9MdVCA
franchise_other,امتياز — أخرى,AS180,سام المركاض,شركة سام للوقود,,,https://maps.app.goo.gl/2C2C4cniYvsLYZEs9
franchise_other,امتياز — أخرى,AS269,بترولايز الثنية,شركة اوج الخدمة للوقود,,,https://maps.app.goo.gl/7NwQtmBUsUNQcmhHA
franchise_other,امتياز — أخرى,AS295,نقطة ايفاء المجاردة,شركة نقطة ايفاد للخدمات اللوجيستيه,,,https://maps.app.goo.gl/fv3CjzyGG2p76nxR8
franchise_other,امتياز — أخرى,BH111,الظفير,شركة آلاء الوطنية التجاريه,,,https://maps.app.goo.gl/BYBYUN5eityfGbZa8
franchise_other,امتياز — أخرى,BH218,بلجرشي,شركة آلاء الوطنية التجاريه,,,https://maps.app.goo.gl/2R2JegAy1mZnfULSA
franchise_other,امتياز — أخرى,EP062,هال طريق الملك فيصل,شركة هال الأولى للتجارة,,,https://maps.app.goo.gl/nokWnMZzbb43P71o8?g_st=iw
franchise_other,امتياز — أخرى,EP101,هال الامام علي,شركة هال الأولى للتجارة,,,https://maps.app.goo.gl/Xt3CwopKdHjDxMY78
franchise_other,امتياز — أخرى,EP132,فيو  الذيبة,شركة فيو للوقود,,,https://maps.app.goo.gl/Twmfx8vdDeDTtxHH9
franchise_other,امتياز — أخرى,EP309,الطلاسي - الضاحية,شركة سهام المستقبل للخدمات البترولية,,,https://maps.app.goo.gl/bME4EPuia3nF4F1n8
franchise_other,امتياز — أخرى,EP325,رمكو البطحاء,شركة محطة ربوع مكة,,,https://maps.app.goo.gl/sXwvdskpQsPfkHCC6
franchise_other,امتياز — أخرى,EP327,ميدواي الرفيعة,مجمع المصودع للخدمات التجاريه,,,https://maps.app.goo.gl/Wn4FBGT5kMCtwjKKA
franchise_other,امتياز — أخرى,EP352,محطة الدوحة,ﻣﺆﺳﺴﺔ اﻓﺎق اﻟﻮﺳﻴﻠﻪ ﻟﻠﺘﺠﺎرة,,,https://maps.app.goo.gl/KBkWA8KTNnarA8kf8
franchise_other,امتياز — أخرى,HA280,الفجر,شركة روائع الخط الدولي,,,https://maps.app.goo.gl/fQNaB6yGJrc2u2db7
franchise_other,امتياز — أخرى,JA090,الدوار الفضي,شركة الدوار الفضي للمحروقات,,,https://maps.app.goo.gl/N3uU6F1P5twLUCnQ8
franchise_other,امتياز — أخرى,JA112,رمز النسيم,مؤسسة عبد الله محمد بلقاسم مقري للوقود,,,https://maps.app.goo.gl/zQfVw5P1GB3b2xSg8
franchise_other,امتياز — أخرى,JA113,رمز  الطيبات,مؤسسة عبد الله محمد بلقاسم مقري للوقود,,,https://maps.app.goo.gl/XXV39Eyg8C8EBcuX6
franchise_other,امتياز — أخرى,JA114,رمز الفيصلية,مؤسسة عبد الله محمد بلقاسم مقري للوقود,,,https://maps.app.goo.gl/7LUCj5JczSUbDqb69
franchise_other,امتياز — أخرى,JA115,رمز اليزيد,مؤسسة عبد الله محمد بلقاسم مقري للوقود,,,https://maps.app.goo.gl/omyiY7pGUqPaAz2N9
franchise_other,امتياز — أخرى,JA116,رمز الإسكان سيتي,مؤسسة عبد الله محمد بلقاسم مقري للوقود,,,https://maps.app.goo.gl/HG3RmZTieKBBWZK6A
franchise_other,امتياز — أخرى,JA117,رمز العزامة,مؤسسة عبد الله محمد بلقاسم مقري للوقود,,,https://maps.app.goo.gl/AMa4p4S7mLiQexry5
franchise_other,امتياز — أخرى,JA118,رمز الطيري,مؤسسة عبد الله محمد بلقاسم مقري للوقود,,,https://maps.app.goo.gl/Hv82uV7biKdJeSXV9
franchise_other,امتياز — أخرى,JA119,رمز الطيري 2,مؤسسة عبد الله محمد بلقاسم مقري للوقود,,,https://maps.app.goo.gl/5xaTvVP9jaStQ5AW7
franchise_other,امتياز — أخرى,JA120,رمز  الخير,مؤسسة عبد الله محمد بلقاسم مقري للوقود,,,https://maps.app.goo.gl/NHFo3upK48uuQsL39
franchise_other,امتياز — أخرى,JA121,رمز الملك عبد الله,مؤسسة عبد الله محمد بلقاسم مقري للوقود,,,https://maps.app.goo.gl/gGEdR9HEzPAK8Ndw6
franchise_other,امتياز — أخرى,JA122,المضايا,شركة لترا للوقود,,,https://maps.app.goo.gl/LPAogZ3gWrJPQAD89
franchise_other,امتياز — أخرى,JA125,النعامية,شركة شركة سند المتحده التجاريه,,,https://maps.app.goo.gl/jZjzfRDghFmmhmHL7
franchise_other,امتياز — أخرى,JA138,بكيو بيش,مؤسسة/ شواهد ابها للمقاولات - بيكو,,,https://maps.app.goo.gl/VY1YfhY5cxHBgzpJ8
franchise_other,امتياز — أخرى,JA151,ركن جاز  المروة,مؤسسة محطة ركن جاز للمحطات,,,https://maps.app.goo.gl/6TDBXBqF1aE8izJW6
franchise_other,امتياز — أخرى,JA155,محطة بترو بارك,شركة نفط الجزيرة - عبد العزيز الزهراني,,,https://maps.app.goo.gl/6SoxhdNEQusm5Hty8
franchise_other,امتياز — أخرى,JA208,ركن جاز جوهرة الساحل,مؤسسة محطة ركن جاز للمحطات,,,https://maps.app.goo.gl/B2T66qBL9D2ier5N6
franchise_other,امتياز — أخرى,JA305,محطة ركن الساحل,مؤسسة محطة ركن الساحل للوقود,,,https://maps.app.goo.gl/nzbJQKQQ9DFt6BxG6
franchise_other,امتياز — أخرى,JA306,محطة عمود,نفط عمود للوقود,,,https://maps.app.goo.gl/x4MvzCLTcRiZ4heM8
franchise_other,امتياز — أخرى,JA358,محطة الحديقة,درب الجنوب,,,https://maps.app.goo.gl/H1y6C36Srm18i6NE7
franchise_other,امتياز — أخرى,JA360,محطة الزاوية,النخبة ايليت,,,https://maps.app.goo.gl/2NAgai4sjSay4YsH7
franchise_other,امتياز — أخرى,JO303,سام سكاكا,شركة سام للوقود,,,https://maps.app.goo.gl/YAnW8nKskvJQ6d4k9
franchise_other,امتياز — أخرى,JO347,سكاكا اللقايط,,,,https://maps.app.goo.gl/9VDZxpCHKixfYzpe7
franchise_other,امتياز — أخرى,MD123,محطة بترو بارك - المدينة المنورة,شركة نفط الجزيرة - عبد العزيز الزهراني,,,https://maps.app.goo.gl/GkPyAUadWwt3YtPK6
franchise_other,امتياز — أخرى,MD166,سام الهيئة الملكيه,شركة سام للوقود,,,https://maps.app.goo.gl/t4WoC9epb8PWoBN59
franchise_other,امتياز — أخرى,MD167,سام  الكورنيش,شركة سام للوقود,,,https://maps.app.goo.gl/WNS5Lm7RFFDo1Usc9
franchise_other,امتياز — أخرى,MD168,سام  صفا,شركة سام للوقود,,,https://maps.app.goo.gl/H9gyMN8ENUMvCvJX8?g_st=ic
franchise_other,امتياز — أخرى,MD195,محطة الصناعية,شركة/ الكشي للوقود,,,https://maps.app.goo.gl/sNScbVA1MduGoLEo7
franchise_other,امتياز — أخرى,MD213,بترولايز بداية,شركة التشغيل الحديث التجارية,,,https://maps.app.goo.gl/qDapTNTfPwcrgXFw5
franchise_other,امتياز — أخرى,MD220,بترو لايز الديوان,شركة التشغيل الحديث التجارية,,,https://maps.app.goo.gl/kgRywx2hhcPxPkUDA
franchise_other,امتياز — أخرى,MD238,بترولايز البدر,شركة التشغيل الحديث التجارية,,,https://goo.gl/maps/hjy3GAvCupMvQRbc9
franchise_other,امتياز — أخرى,MD239,بترولايز بني الاشهل,شركة يكن,,,https://goo.gl/maps/29FZyCBwTsbPLVVC9
franchise_other,امتياز — أخرى,MD240,بترولايز وارد,شركة التشغيل الحديث التجارية,,,https://maps.app.goo.gl/intWFUCpuEBAgi2r8
franchise_other,امتياز — أخرى,MD265,بترولايز بيحان,مؤسسة سيرين,,,https://maps.app.goo.gl/dYqAPEnscXn9u6S8A
franchise_other,امتياز — أخرى,MD294,نقطة ايفاء العلا,شركة نقطة ايفاد للخدمات اللوجيستيه,,,https://maps.app.goo.gl/9fwjwbwk3HpgMKBn7
franchise_other,امتياز — أخرى,MD296,نقطة ايفاء طيبة,شركة نقطة ايفاد للخدمات اللوجيستيه,,,https://maps.app.goo.gl/mT5teYjCqSj4TL1y6
franchise_other,امتياز — أخرى,MD344,الحجاز,الزغيبي للتجارة,,,https://maps.app.goo.gl/929mjRjw2DBDxrZJ7
franchise_other,امتياز — أخرى,MD346,الضيافة,,,,https://maps.app.goo.gl/z4GCVCtfMN8JCJcd9
franchise_other,امتياز — أخرى,MK086,بترولكس  الوزيرية,شركة السعودية المتحده للإستثمار,,,
franchise_other,امتياز — أخرى,MK087,بترولكس  مشرفه,شركة السعودية المتحده للإستثمار,,,https://maps.app.goo.gl/vvyag1Sv28d5QQLr6
franchise_other,امتياز — أخرى,MK088,بترولكس  ابحر,شركة السعودية المتحده للإستثمار,,,https://maps.app.goo.gl/u2SHzWiGgUtobU646
franchise_other,امتياز — أخرى,MK089,بترولكس  الشرفيه,شركة السعودية المتحده للإستثمار,,,https://maps.app.goo.gl/dYAM5U6ogWh9485D8
franchise_other,امتياز — أخرى,MK110,سام نفط الحجاز,شركة سام للوقود,,,https://maps.app.goo.gl/6dmEaH39QQE8dkQC6
franchise_other,امتياز — أخرى,MK144,بترولكس ايفينت مول,شركة السعودية المتحده للإستثمار,,,https://maps.app.goo.gl/E6BehqoqfLDjobwR8
franchise_other,امتياز — أخرى,MK159,محطة مزايا,مؤسسة محطة لتر الجزيره للوقود,,,https://maps.app.goo.gl/rbjbfRNg33goMrAo9
franchise_other,امتياز — أخرى,MK160,محطة الشامل,شركة حمد حامد الجعيدي القابضه شخص واحد,,,https://maps.app.goo.gl/K3jVDWq8UBR8e6L98
franchise_other,امتياز — أخرى,MK165,سام  الشوقية الإسكان,شركة سام للوقود,,,https://maps.app.goo.gl/5ui9AfKoRSZqgaVz8
franchise_other,امتياز — أخرى,MK169,سام  النزهة,شركة سام للوقود,,,https://maps.app.goo.gl/EnRtk9SyVH27wtp46?g_st=iw
franchise_other,امتياز — أخرى,MK170,سام  الريان,شركة سام للوقود,,,https://maps.app.goo.gl/YW1bNPDwWSAiXNfA9?g_st=iw
franchise_other,امتياز — أخرى,MK171,سام  بهجه,شركة سام للوقود,,,https://maps.app.goo.gl/yJovsc7CjvwPNuqn6
franchise_other,امتياز — أخرى,MK172,سام جبره,شركة سام للوقود,,,https://maps.app.goo.gl/NKrqJv9rB37DDgDs5
franchise_other,امتياز — أخرى,MK173,سام سنجر,شركة سام للوقود,,,https://maps.app.goo.gl/xkyj8K6RiakYu1KW8
franchise_other,امتياز — أخرى,MK181,سام الرفيدي,شركة سام للوقود,,,https://maps.app.goo.gl/JZmM4HkfGHeWN7Tn8?g_st=ic
franchise_other,امتياز — أخرى,MK182,سام الوزايرية,شركة سام للوقود,,,https://maps.app.goo.gl/yK2seccUduJVxirs6
franchise_other,امتياز — أخرى,MK183,سام الاربعين,شركة سام للوقود,,,https://maps.app.goo.gl/5Y3phTrEGUJ6teGm9
franchise_other,امتياز — أخرى,MK184,سام الزهراء,شركة سام للوقود,,,https://maps.app.goo.gl/kQS8E5ZTRdhkvV9d6
franchise_other,امتياز — أخرى,MK185,سام السمو المجيرمة,شركة سام للوقود,,,https://maps.app.goo.gl/ry9XxXuHef3soa416
franchise_other,امتياز — أخرى,MK186,سام الحرازات,شركة سام للوقود,,,https://maps.app.goo.gl/W26wGtV8WwZAn6Mj7
franchise_other,امتياز — أخرى,MK196,الياقوت,مؤسسة/ محمد وصل الله مرفوع السلمي للتجارة,,,https://maps.app.goo.gl/BEpaNufxGVUL8hLTA
franchise_other,امتياز — أخرى,MK202,محطة الخير,النخبة ايليت,,,https://maps.app.goo.gl/4V7TgBB8DfS3XK6s6
franchise_other,امتياز — أخرى,MK203,محطة الاستاد,النخبة ايليت,,,https://maps.app.goo.gl/wd6AqCeUKKDmiMUF9
franchise_other,امتياز — أخرى,MK214,بترولايز - النوارية الصغيرة,شركة يكن,,,https://maps.app.goo.gl/thcUoPC17PKQR9Lm6
franchise_other,امتياز — أخرى,MK215,بترولايز - النوارية الكبيرة,شركة يكن,,,https://maps.app.goo.gl/CEEPGYMUVnVV5YudA
franchise_other,امتياز — أخرى,MK221,بترولايز الرحيلي 1,شركة يكن,,,https://maps.app.goo.gl/qo7qtghHGMPLmdou7
franchise_other,امتياز — أخرى,MK222,بترولايز الرحيلي 2,شركة التشغيل الحديث التجارية,,,https://maps.app.goo.gl/udBzdSrJkWjVyeYs5
franchise_other,امتياز — أخرى,MK235,بترولايز جوهرة العروس,شركة التشغيل الحديث التجارية,,,https://goo.gl/maps/898fLCtDRUW9s3aS8
franchise_other,امتياز — أخرى,MK241,بترولايز الياقوت,شركة التشغيل الحديث التجارية,,,https://maps.app.goo.gl/SWxJnDyLb2spFo47A?g_st=iw
franchise_other,امتياز — أخرى,MK242,بترولايز الصولي,شركة التشغيل الحديث التجارية,,,https://goo.gl/maps/dYNNpF5Y6KMr2U1YA
franchise_other,امتياز — أخرى,MK243,بترولايز الخط الاصفر,شركة التشغيل الحديث التجارية,,,https://goo.gl/maps/DqH1Jwde4LW9EPxs8
franchise_other,امتياز — أخرى,MK244,بترولايز العبور,شركة التشغيل الحديث التجارية,,,https://goo.gl/maps/SWPU7su4gE3ncdwW7
franchise_other,امتياز — أخرى,MK248,بترولايز مزايا,مؤسسة سيرين,,,https://goo.gl/maps/nQ4jphAYfsWwAKdU7
franchise_other,امتياز — أخرى,MK249,بترولايز الستين,مؤسسة سيرين,,,https://maps.app.goo.gl/oSRFWptbaj3DsGzT6?g_st=iw
franchise_other,امتياز — أخرى,MK252,المحاميد,سمارت فيول,,,https://maps.app.goo.gl/r4VBsbiUy8Y4F8y57
franchise_other,امتياز — أخرى,MK262,بترولايز الفضيلة,شركة التشغيل الحديث التجارية,,,https://maps.app.goo.gl/x5gF3yLhkzbGDRbj8
franchise_other,امتياز — أخرى,MK263,بترولايز بنزول,شركة التشغيل الحديث التجارية,,,https://maps.app.goo.gl/HnJ423Bxei1BTjqS9
franchise_other,امتياز — أخرى,MK264,بترولايز التمييز,مؤسسة سيرين,,,https://maps.app.goo.gl/muUvgE6Ds21F9Ut8A
franchise_other,امتياز — أخرى,MK266,بترولايز الفلاح,شركة اوج الخدمة للوقود,,,https://maps.app.goo.gl/3bjQvVqJgNEJVwCTA
franchise_other,امتياز — أخرى,MK267,بترولايز جوهرة العروس 2,شركة اوج الخدمة للوقود,,,https://maps.app.goo.gl/o2X7AMA1tEgE8bcR7
franchise_other,امتياز — أخرى,MK273,محطة النسيم 1 الشوقية,شركة النسيم الجديد المحدودة,,,https://maps.app.goo.gl/55EdkmVi5uFrZkHX9
franchise_other,امتياز — أخرى,MK274,محطة النسيم 3 الجزائر,,,,https://maps.app.goo.gl/HrgmZ6J7pj8HAbaE7
franchise_other,امتياز — أخرى,MK275,محطة النسيم 4 الشوقية,,,,https://maps.app.goo.gl/x2PqsNu2mAxQ4f8N9
franchise_other,امتياز — أخرى,MK276,محطة النسيم 5  الفيحاء,,,,https://maps.app.goo.gl/6whxnKcpy3qPacXQ8
franchise_other,امتياز — أخرى,MK277,محطة النسيم 6 البحيرات,,,,https://maps.app.goo.gl/ZXEkSJh3yvvJu3Qj9
franchise_other,امتياز — أخرى,MK278,محطة النسيم 7 رابغ,,,,https://maps.app.goo.gl/enEhxvhSmHnpdeKa8
franchise_other,امتياز — أخرى,MK279,محطة النسيم 8 أبو مراغ,,,,https://maps.app.goo.gl/CAkZgavGs9PSpbmR9
franchise_other,امتياز — أخرى,MK282,الشرائع مخطط 5,مؤسسة خمائل الابداع للمقاولات,,,https://maps.app.goo.gl/HfQo7YKufSwXYij26
franchise_other,امتياز — أخرى,MK290,امداد الكعكية,شركة امداد الخليج للوقود,,,https://maps.app.goo.gl/cUHKvhD5je4t9iji8
franchise_other,امتياز — أخرى,MK291,امداد المنصور,شركة امداد الخليج للوقود,,,https://maps.app.goo.gl/SS3cMFRn3znLxLbcA
franchise_other,امتياز — أخرى,MK292,امداد الشرائع,شركة امداد الخليج للوقود,,,https://maps.app.goo.gl/LhQo9BkmVfJSm3Ax5
franchise_other,امتياز — أخرى,MK293,امداد السبهاني,شركة امداد الخليج للوقود,,,https://maps.app.goo.gl/NRmYqReYQ2cEqpXS7
franchise_other,امتياز — أخرى,MK322,محطة الياقوت,مؤسسة خالد باوراث للتجارة,,,https://maps.app.goo.gl/36kkyEATST4uB7es8
franchise_other,امتياز — أخرى,NJ174,سام نجران,شركة سام للوقود,,,https://maps.app.goo.gl/q5PQPnZvCkfLyxxt6
franchise_other,امتياز — أخرى,NJ351,زهرة الجنوب الواحة 2,,,,https://maps.app.goo.gl/WmKLsHGpA54vFx8y8
franchise_other,امتياز — أخرى,NP140,الشارع الأصفر,محطة غريب جذاء الحربي,,,https://maps.app.goo.gl/E8Dky63EEZW5V2Np7
franchise_other,امتياز — أخرى,NP162,ذيب الضاحية,مؤسسة محطة ذيب للمحروقات,,,https://maps.app.goo.gl/JdzCpSFHtx43P94m7
franchise_other,امتياز — أخرى,NP163,ذيب  ام خنصر,مؤسسة محطة ذيب للمحروقات,,,https://maps.app.goo.gl/1HaFz4BvBsASg9jh6
franchise_other,امتياز — أخرى,QS158,الرحاب,مؤسسة متعة الهدف للتشغيل والصيانه,,,https://maps.app.goo.gl/jPicmTVZs2qSK2568
franchise_other,امتياز — أخرى,QS200,نبض - ثادج,شركة نبض الوقود,,,https://maps.app.goo.gl/qJPQ3niNBth7xSy48
franchise_other,امتياز — أخرى,QS270,بترولايز المذنب,شركة اوج الخدمة للوقود,,,https://maps.app.goo.gl/PqBoBmWdXnx7ziGb8
franchise_other,امتياز — أخرى,QS308,الطلاسي - البدائع,شركة سهام المستقبل للخدمات البترولية,,,https://maps.app.goo.gl/i33AYbBPGJDftXao6
franchise_other,امتياز — أخرى,QS361,محطة سلطانه,برق الجنوب,,,https://maps.app.goo.gl/J4Yj8UsP4cn36qkN9
franchise_other,امتياز — أخرى,RY078,السفير  النهضه,مؤسسة محطة منير سفير المطيري للوقود,,,https://maps.app.goo.gl/Cxf4xXfG4dkh5ABQ9
franchise_other,امتياز — أخرى,RY079,السفير اليرموك,مؤسسة محطة منير سفير المطيري للوقود,,,https://maps.app.goo.gl/Svuc92UVNZz3HuMD8
franchise_other,امتياز — أخرى,RY105,طريق الأمير سعد,مؤسسة محطة أفاق درب للمحروقات,,,https://maps.app.goo.gl/Afr6aHe3ZfcKXdAZA
franchise_other,امتياز — أخرى,RY199,نبض - الرفايع,شركة نبض الوقود,,,https://maps.app.goo.gl/9pHwSe7nvTvVuq6y9
franchise_other,امتياز — أخرى,RY204,محطة  النسيم,شركة نبع للوقود,,,https://maps.app.goo.gl/cQwwmUHWPGjpUYmq6
franchise_other,امتياز — أخرى,RY229,ظهرة لبن,مؤسسة سعد فهد القحطاني للنقليات,,,https://maps.app.goo.gl/H82rfAPDvDCjFfqg6
franchise_other,امتياز — أخرى,RY230,الجزيرة,مؤسسة سعد فهد القحطاني للنقليات,,,https://maps.app.goo.gl/ubbTZ4LVnRTThSLa8
franchise_other,امتياز — أخرى,RY231,الابداع,مؤسسة سعد فهد القحطاني للنقليات,,,https://maps.app.goo.gl/kGjwAun1SjEsphBU7
franchise_other,امتياز — أخرى,RY232,المصياد,مؤسسة سعد فهد القحطاني للنقليات,,,https://maps.app.goo.gl/1L1GqNExRBsEaod49
franchise_other,امتياز — أخرى,RY233,العريجاء,مؤسسة سعد فهد القحطاني للنقليات,,,https://maps.app.goo.gl/qzx6N4fyymqnYEf18
franchise_other,امتياز — أخرى,RY236,بترولايز العزيزية,شركة التشغيل الحديث التجارية,,,https://maps.app.goo.gl/wpUZAtcnhgL4xNip9?g_st=iw
franchise_other,امتياز — أخرى,RY237,بترولايز الشميسي,شركة التشغيل الحديث التجارية,,,https://maps.app.goo.gl/FfduwQgZqS9HqS437
franchise_other,امتياز — أخرى,RY245,بترولايز ديراب,شركة التشغيل الحديث التجارية,,,https://maps.app.goo.gl/F2skjFio714hAZKf8
franchise_other,امتياز — أخرى,RY246,بترولايز بتروزيت الصغيرة,شركة التشغيل الحديث التجارية,,,https://goo.gl/maps/Q1iwfKJJMnK19Y75A
franchise_other,امتياز — أخرى,RY247,بترو لايز السلي,شركة يكن,,,https://maps.app.goo.gl/ynPcpSPDPfeWauJR9
franchise_other,امتياز — أخرى,RY250,محطة الدلم,بترو زيت,,,https://maps.app.goo.gl/uyUYahmTQiZtsFLd7
franchise_other,امتياز — أخرى,RY261,بترولايز السلام,شركة التشغيل الحديث التجارية,,,https://maps.app.goo.gl/RaL4sKgkYRXcJ8d2A
franchise_other,امتياز — أخرى,RY268,بترولايز الخرج,شركة اوج الخدمة للوقود,,,https://maps.app.goo.gl/moxni1zomBdj45mc7
franchise_other,امتياز — أخرى,RY283,كواكب الجزيرة  - الجنادرية,محطة كواكب الجزيرة للوقود,,,https://maps.app.goo.gl/SSx6GR93nsCP51Ra6
franchise_other,امتياز — أخرى,RY307,الطلاسي - القويعة,شركة سهام المستقبل للخدمات البترولية,,,https://maps.app.goo.gl/PsZsdq1mpdEz3A437
franchise_other,امتياز — أخرى,RY340,محطة الدار البيضاء,مؤسسة محطة نجد العروبة,,,https://maps.app.goo.gl/SKqoD1ya1nt2Nhg58
franchise_other,امتياز — أخرى,RY341,نجد النسيم,مؤسسة محطة نجد العروبة,,,https://maps.app.goo.gl/ecnPXqRhCijFK1zc9
franchise_other,امتياز — أخرى,RY342,نجد رماح,مؤسسة محطة نجد العروبة,,,https://maps.app.goo.gl/JMUvJY7Tiexko3Qi6
franchise_other,امتياز — أخرى,RY343,نجد الثمامة,مؤسسة محطة نجد العروبة,,,https://maps.app.goo.gl/zR2vq7SmxFBM3BED8
franchise_other,امتياز — أخرى,TB010,الأصيل -لؤلؤة جده,مؤسسة محطة لؤلؤة جده للمحروقات,,,https://maps.app.goo.gl/zDQp8QaYnHZnRWPJ9
franchise_other,امتياز — أخرى,TB032,الشفا -لؤلؤة جده,مؤسسة محطة لؤلؤة جده للمحروقات,,,https://maps.app.goo.gl/8sfcdq3pnYPyyjP17
franchise_other,امتياز — أخرى,TB034,الراقي -لؤلؤة جده,مؤسسة محطة لؤلؤة جده للمحروقات,,,https://maps.app.goo.gl/Gw4gqMLLHhqcSJLz9
franchise_other,امتياز — أخرى,TB198,فور يو طريق الملك فيصل,شركة وقودي المتقدمه للخدمات البترولية / فور يو,,,https://maps.app.goo.gl/1EKhoJL8ogTJM7eb6
franchise_other,امتياز — أخرى,TB345,الوجه,,,,https://maps.app.goo.gl/GkwSzPeqhVkR5TFXA
