idx,name,code,region,contract,area,cash_in,shops,lines_petrol,lines_diesel,pumps_petrol,pumps_diesel,tx_jan,tx_feb,tx_mar,tx_apr,tx_jul,avg_daily_sales,staff_day,staff_night,clean_day,clean_night,traffic,supervisor,manager,staff_total,staff_agreed,maint_staff,mosque_m,mosque_f,wc_m,wc_f,ncode,match
1,جبل النور,MK001,مكة,ايجار,2367,No,4,2,0,4,0,48946,110175,,,972855.8300000002,32428.527666666672,4,3,1,1,0,0,1,10,12,,True,False,3,2,MK001,مباشر
2,المعيصم ,MK002,مكة,ايجار,7071,No,16,5,0,10,0,65827,91994,,,354954.5300000001,11831.81766666667,2,2,1,1,0,0,1,7,8,,True,True,8,5,MK002,مباشر
3,العوالي ,MK003,مكة,ايجار,7071,Yes,47,3,0,21,0,109105,207809,5737,116447,2819914.420000001,93997.14733333336,12,10,8,7,2,1,2,42,39,2صيانة,True,True,7,3,MK003,مباشر
4,عاصفة الصحراء ,MK004,الطائف,ايجار,20966,Yes,,3,2,7,5,67706,133110,,67299,2782631.5999999996,92754.38666666666,7,7,2,1,0,0,2,19,20,2لجميع المحطات,True,True,20,10,MK004,مباشر
5,الشيباني ,MK005,الطائف,ايجار,9029,Yes,,3,0,9,0,50520,100767,,2741,1358464.8699999999,45282.16233333333,6,5,2,2,1,0,2,18,16,2لجميع المحطات,True,True,5,2,MK005,مباشر
6,جنوب الطائف ,MK006,الطائف,ايجار,4735,No,,3,0,12,0,42212,85091,,,1445789.2800000005,48192.97600000002,5,4,1,1,0,0,2,13,12,2لجميع المحطات,False,False,4,2,MK006,مباشر
7,جنوب الحسينية ,MK008,مكة,ايجار,3408,Yes,,2,0,6,0,56786,112071,,13388,1693542.96,56451.432,3,2,1,1,0,0,2,9,10,,False,False,3,0,MK008,مباشر
8,جدة النسيم ,MK015,جدة,ايجار,5618,Yes,,4,0,12,0,64900,128306,,9242,1193382.2,39779.40666666666,8,8,1,1,0,0,2,20,14,1 لجميع محطات جدة,False,False,2,0,MK015,مباشر
9,الرصيفة ,MK016,مكة,تشغيل,4343.5,No,,3,0,9,0,51175,102112,,,815949.8100000002,27198.327000000005,5,4,1,0,0,0,1,11,11,,False,False,3,2,MK016,مباشر
10,عرفات الشوقية ,MK017,مكة,ايجار,3625,No,,3,0,9,0,36621,72858,,,697893.6900000001,23263.123000000003,3,3,1,0,0,0,2,9,9,,True,False,2,0,MK017,مباشر
11,الرصيفة مسار ,MK018,مكة,ايجار,1463,No,,1,0,4,4,44617,103411,448,,721805.0500000002,24060.16833333334,2,2,1,0,0,0,1,6,7,,False,False,2,1,MK018,مباشر
12,عرفات الشرائع ,MK019,مكة,ايجار,3270,No,,3,0,6,0,25167,36890,,,244983.57,8166.119000000001,2,2,0,0,0,0,1,5,6,,True,False,2,0,MK019,مباشر
13,ممشى الشوقية ,MK020,مكة,تشغيل,4338,No,,2,0,4,0,41048,80702,,,752785.58,25092.852666666666,3,3,1,1,0,0,1,9,10,,True,False,4,2,MK020,مباشر
14,بطحاء قريش ,MK022,مكة,ايجار,3693,No,,3,0,6,0,22771,48339,,,648319.057,21610.635233333334,3,3,1,0,0,0,1,8,9,,False,False,2,2,MK022,مباشر
15,بن درويش,MK023,مكة,تشغيل,4488,No,,2,0,4,0,26041,52739,,,404531.0800000001,13484.369333333336,2,2,1,1,0,0,1,7,7,,False,False,2,0,MK023,مباشر
16,الخرج غرناطة,RY024,الرياض,ايجار,7000,No,,3,0,9,0,14581,28222,,,465386.0739999999,15512.86913333333,3,2,0,1,0,0,1,7,6,,False,False,3,2,RY024,مباشر
17,الخرج الحمراء,RY025,الرياض,ايجار,3633,No,,3,0,9,6,23543,47270,,,657367.81,21912.260333333335,3,2,1,0,0,0,1,7,7,,False,False,2,2,RY025,مباشر
18,احلى مساء,MK028,الطائف,تشغيل,7246,No,,3,0,9,0,48227,89289,,,1618015.7599999998,53933.85866666666,5,4,2,1,0,0,1,13,12,2لجميع المحطات,True,True,4,2,MK028,مباشر
19,الذكرى الخالدة,MK029,مكة,تشغيل,8306,Yes,,4,0,8,0,86129,45025,48148,46073,1149691.37,38323.04566666667,4,4,1,1,0,1,1,12,12,,True,True,4,2,MK029,مباشر
20,بطحاء قريش 2 ,MK031,مكة,ايجار,1754,No,,3,0,6,0,19946,39463,,,406002.66000000003,13533.422,2,2,0,0,0,0,1,5,6,,False,False,1,0,MK031,مباشر
21,أبو وافي,MK033,مكة,تشغيل,13279,Yes,,3,1,6,4,47094,44593,49335,35684,1327679.1599999997,44255.97199999999,5,5,1,1,0,0,1,13,12,,True,True,10,3,MK033,مباشر
22,الجمعية ,MK035,الطائف,تشغيل,2262,No,,2,0,4,0,24265,48320,,,960902.4700000001,32030.082333333336,2,2,0,1,0,0,1,6,6,2لجميع المحطات,False,False,3,2,MK035,مباشر
23,العريفي,HAF043,حائل,ايجار,4361,No,,3,0,3,3,10739,20493,,,223973.65000000002,7465.788333333334,2,2,0,1,0,0,1,6,6,,True,False,3,2,HA043,بالاسم+الرقم (1.00)
24,الحليس,MK046,الطائف,تشغيل,3120,No,,2,0,8,0,45089,92391,,,1961345.0199999998,65378.167333333324,4,3,2,1,0,1,1,12,12,2لجميع المحطات,True,True,14,6,MK046,مباشر
25,القادسية,MK047,مكة,تشغيل,5078,No,,3,0,9,0,54777,109022,,,1273482.4800000002,42449.416000000005,3,3,1,1,0,1,1,10,11,,True,False,2,0,MK047,مباشر
26,صامطة,MK060,جازان,ايجار,5894,No,,3,1,6,1,11893,24197,,,223933.76000000004,7464.458666666668,1,1,1,0,0,0,1,4,4,,False,False,3,0,JA060,بالاسم+الرقم (0.59)
27,صبيا,JA061,جازان,ايجار,3124,No,,2,1,4,1,17103,32691,,,574644.6799999999,19154.822666666663,2,2,0,1,0,0,1,6,6,,True,True,2,2,JA061,مباشر
28,السواط,MK063,الطائف,ايجار,2991,No,,3,0,9,0,33918,64532,,,1173869.7099999997,39128.99033333333,3,3,1,1,0,0,1,9,8,2لجميع المحطات,False,False,2,2,MK063,مباشر
29,جعرانة,MK064,مكة,تشغيل,5492,Yes,,1,0,6,0,31563,33238,34590,38208,807484.8300000001,26916.161000000004,4,3,1,0,0,0,1,9,10,,True,False,4,0,MK064,مباشر
30,العزيزية بن دهيش,MK072,مكة,ايجار,2948,Yes,,3,0,6,0,86129,76108,73993,58442,1517442.4800000002,50581.416000000005,5,4,1,1,1,1,1,14,15,,True,False,3,1,MK072,مباشر
31,الرياض الدائري الشمالي,RY075,الرياض,تشغيل,13300,Yes,,4,0,8,8,35997,32731,28248,39537,1131937.52,37731.25066666667,4,3,1,1,0,0,1,10,10,,True,True,4,2,RY075,مباشر
32,الكر النازل,MK084,مكة,تشغيل,7390,Yes,,3,0,9,0,86129,14736,18474,15256,694116.3999999999,23137.21333333333,3,3,1,0,0,0,1,8,8,,True,True,6,4,MK084,مباشر
33,كورنيش جيزان ,JA069,جازان,تشغيل,7500,Yes,,3,0,3,3,28916,23764,21693,32586,559700.8300000001,18656.694333333337,3,3,0,1,0,0,1,8,8,,True,True,5,2,JA069,مباشر
34,خليص,MK014,جدة,تشغيل,6987,Yes,,2,1,4,2,14295,14912,14813,10828,746773.395,24892.446500000002,4,3,0,0,0,1,1,9,8,1 لجميع محطات جدة,True,True,3,2,MK014,مباشر
35,صبيا ,JA053,جازان,تشغيل,14000,Yes,,3,1,6,2,22513,16985,18660,18580,473278.65,15775.955,3,3,0,1,0,0,1,8,7,,True,True,4,3,JA053,مباشر
36,العرجاني الخرج ,RY042,الرياض,ايجار,7390,Yes,,3,0,9,0,11097,10213,10499,13527,403917.97,13463.932333333332,2,1,0,1,0,0,1,5,5,,True,True,1,1,RY042,مباشر
37,الملك خالد طائف,MK093,الطائف,تشغيل,2641,Yes,,2,0,6,0,19068,19395,20382,21107,558483.5,18616.116666666665,2,2,0,النظافة على المالك,0,0,1,5,5,2لجميع المحطات,False,False,2,2,MK093,مباشر
38,الاجاويد-جدة ,MK071,جدة,تشغيل,1607.22,Yes,,1,0,3,0,27281,25792,27559,29766,572983.9199999999,19099.463999999996,3,3,0,0,0,0,1,7,6,1 لجميع محطات جدة,True,False,2,0,MK071,مباشر
39,البيعة ,MK099,الطائف,تشغيل,3211,Yes,,2,0,4,0,11663,12532,13625,14874,290773.43,9692.447666666667,2,2,0,0,0,0,1,5,6,2لجميع المحطات,True,False,3,1,MK099,مباشر
40,العمرة,MK07,مكة,ايجار,120000,Yes,,6,0,18,0,133979,129709,146745,125321,3789846.67,126328.22233333332,11,9,5,4,1,1,1,32,34,,True,True,18,14,MK007,مباشر
41,الجموم ,MK068,مكة,تشغيل,1413,Yes,,1,0,4,0,31711,28288,27451,28150,545318.74,18177.291333333334,3,2,1,0,0,0,1,7,7,,False,False,2,0,MK068,مباشر
42,الخبر ,EP051,الخبر,ايجار,3375,Yes,,3,0,6,0,14199,15294,15825,19729,518521.92,17284.064,2,2,0,1,0,0,1,6,6,,False,False,2,2,EP051,مباشر
43,الكوثر ,MK100,جدة,تشغيل,2486.43,Yes,,1,0,4,0,9900,9055,9790,10631,260723.31999999998,8690.777333333333,2,2,0,1,0,0,1,6,4,1 لجميع محطات جدة,True,False,2,0,MK100,مباشر
44,القصيم ,EP055,القصيم,تشغيل,7180,Yes,,2,0,4,4,15710,12026,13365,14308,245175.44999999998,8172.514999999999,2,2,0,1,0,0,1,6,6,,True,True,4,6,QS055,بالاسم+الرقم (0.40)
45,الروابي,MK56,جازان,تشغيل,7276,Yes,,1,1,4,2,7243,7657,7657,9072,484171.31000000006,16139.043666666668,2,1,0,0,0,0,1,4,4,,True,True,5,4,JA056,بالاسم+الرقم (0.67)
46,الاطاوله الباحه,HB50,الباحه,ايجار,,Yes,,2,0,4,0,0,0,,6320,258435.87000000002,8614.529,1,1,1,0,0,0,1,4,4,,False,False,2,2,BH050,بالاسم+الرقم (0.69)
47,سلطان المطرفي,MK54,مكة,تشغيل,43915,Yes,,6,2,12,4,0,0,14474,19894,732161.5700000002,24405.385666666672,6,4,0,النظافة على المالك,0,0,1,11,10,,True,True,17,9,MK054,مباشر
48,محايل عسير,AS153,عسير,تشغيل,,Yes,,2,1,6,1,0,0,0,6480,599114.14,19970.471333333335,2,2,1,1,0,0,1,7,7,,True,True,3,1,AS153,مباشر
49,القسوم,JA041,جازان,تشغيل,10839,No,,2,1,6,2,0,0,0,0,1249171.3,41639.043333333335,3,2,1,0,0,0,1,7,7,,True,True,5,4,JA041,مباشر
50,المركب,NJ219,نجران,تشغيل,,Yes,,2,0,6,0,0,0,0,0,193990.17999999996,6466.339333333332,2,1,0,0,0,1,1,5,,,True,False,3,,NJ219,مباشر
51,الربوة,MK257,مكة,تشغيل,,Yes,,2,0,4,0,0,0,0,0,584325.86,19477.528666666665,2,2,1,0,0,0,1,6,,,True,True,3,,MK257,غير مطابقة
52,الستين,MK258,مكة,تشغيل,,Yes,,1,0,4,0,0,0,0,0,261031.53000000003,8701.051000000001,2,2,1,0,0,0,1,6,,,True,False,3,,MK258,غير مطابقة
