category,name,code,city,contract,total_n,total_leased,total_held,total_vacant,kiosk_n,kiosk_leased,kiosk_held,kiosk_vacant,shop_n,shop_leased,shop_held,shop_vacant,drive_n,drive_leased,drive_held,drive_vacant,carwash_n,carwash_leased,carwash_held,carwash_vacant,market_n,market_leased,market_held,market_vacant,other_n,other_leased,other_held,other_vacant
مشغّلة,جبل النور,MK001,مكة,ايجار,4,4,0,0,1,1,0,0,0,0,0,0,0,0,0,0,2,2,0,0,1,1,0,0,0,0,0,0
مشغّلة,المعيصم,MK002,مكة,ايجار,18,17,0,1,8,7,0,1,3,3,0,0,4,4,0,0,2,2,0,0,1,1,0,0,0,0,0,0
مشغّلة,العوالي,MK003,مكة,ايجار,48,48,0,0,17,17,0,0,19,19,0,0,6,6,0,0,3,3,0,0,1,1,0,0,2,2,0,0
مشغّلة,جنوب الحسينية,MK008,مكة,ايجار,7,7,0,0,4,4,0,0,0,0,0,0,0,0,0,0,1,1,0,0,1,1,0,0,1,1,0,0
مشغّلة,الرصيفة 1,MK016,مكة,تشغيل,11,11,0,0,5,5,0,0,2,2,0,0,1,1,0,0,2,2,0,0,1,1,0,0,0,0,0,0
مشغّلة,عرفات الشوقية(الشيخ محمد بن جبير),MK017,مكة,ايجار,9,9,0,0,3,3,0,0,1,1,0,0,1,1,0,0,3,3,0,0,1,1,0,0,0,0,0,0
مشغّلة,عرفات الشرائع,MK019,مكة,ايجار,6,6,0,0,2,2,0,0,0,0,0,0,2,2,0,0,1,1,0,0,1,1,0,0,0,0,0,0
مشغّلة,بن درويش ( الفردوس ),MK023,مكة,تشغيل,13,13,0,0,3,3,0,0,2,2,0,0,2,2,0,0,5,5,0,0,1,1,0,0,0,0,0,0
مشغّلة,ممشى الشوقية,MK020,مكة,تشغيل,14,14,0,0,3,3,0,0,3,3,0,0,4,4,0,0,3,3,0,0,1,1,0,0,0,0,0,0
مشغّلة,بطحاء قريش  الدائري الرابع,MK022,مكة,ايجار,5,5,0,0,2,2,0,0,0,0,0,0,0,0,0,0,2,2,0,0,1,1,0,0,0,0,0,0
مشغّلة,بطحاء قريش 2(طريق القاضي),MK031,مكه,ايجار,4,4,0,0,1,1,0,0,0,0,0,0,1,1,0,0,1,1,0,0,1,1,0,0,0,0,0,0
مشغّلة,القادسية(الراشديه),MK037,مكه,تشغيل,6,6,0,0,2,2,0,0,1,1,0,0,0,0,0,0,2,2,0,0,1,1,0,0,0,0,0,0
مشغّلة,جعرانة,MK064,مكه,تشغيل,11,8,1,3,4,2,1,2,4,3,0,1,0,0,0,0,2,2,0,0,1,1,0,0,0,0,0,0
مشغّلة,عرفات الرصيفة (مسار),MK018,مكه,ايجار,5,5,0,0,2,2,0,0,1,1,0,0,0,0,0,0,1,1,0,0,1,1,0,0,0,0,0,0
مشغّلة,الذكرى الخالدة (الخالدية),MK029,مكه,تشغيل,12,12,0,0,2,2,0,0,2,2,0,0,2,2,0,0,4,4,0,0,1,1,0,0,1,1,0,0
مشغّلة,الكر,MK084,مكه,تشغيل,12,6,0,6,4,3,0,1,6,2,0,4,0,0,0,0,1,1,0,0,1,0,0,1,0,0,0,0
مشغّلة,العمرة الجديد (النورية حي الفتح),MK033,مكه,تشغيل,15,11,1,4,4,2,1,2,6,5,0,1,0,0,0,0,4,4,0,0,1,0,0,1,0,0,0,0
مشغّلة,العزيزية بن دهيش,MK072,مكه,تشغيل,7,7,0,0,1,1,0,0,2,2,0,0,0,0,0,0,3,3,0,0,1,1,0,0,0,0,0,0
مشغّلة,النورية العمرة الجديدة,MK007,مكه,تشغيل,62,53,7,9,17,16,0,1,34,28,6,6,6,4,1,2,4,4,0,0,1,1,0,0,0,0,0,0
مشغّلة,الجموم الكنيدري,MK068,مكه,تشغيل,5,5,0,0,3,3,0,0,0,0,0,0,0,0,0,0,1,1,0,0,1,1,0,0,0,0,0,0
مشغّلة,محطة طريق السيل,MK054,مكه,تشغيل,33,19,4,14,6,5,0,1,22,11,4,11,2,0,0,2,2,2,0,0,1,1,0,0,0,0,0,0
مشغّلة,الربوة مكة,MK257,مكه,تشغيل,7,3,0,4,2,1,0,1,2,0,0,2,1,1,0,0,1,1,0,0,1,0,0,1,0,0,0,0
مشغّلة,الستين مكة,MK258,مكه,تشغيل,11,10,0,1,3,2,0,1,5,5,0,0,1,1,0,0,1,1,0,0,1,1,0,0,0,0,0,0
مشغّلة,عاصفة الصحراء,MK004,الطائف,ايجار,11,11,0,0,6,6,0,0,0,0,0,0,2,2,0,0,2,2,0,0,1,1,0,0,0,0,0,0
مشغّلة,الشيباني (الحلقة الشرقية),MK005,الطائف,ايجار,11,11,0,0,7,7,0,0,0,0,0,0,2,2,0,0,1,1,0,0,1,1,0,0,0,0,0,0
مشغّلة,جنوب الطائف ( العنود),MK006,الطائف,ايجار,6,6,0,0,4,4,0,0,0,0,0,0,0,0,0,0,1,1,0,0,1,1,0,0,0,0,0,0
مشغّلة,مسره (أحلى مسا ),MK028,الطائف,تشغيل,6,6,0,0,1,1,0,0,1,1,0,0,2,2,0,0,1,1,0,0,1,1,0,0,0,0,0,0
مشغّلة,الحليس(طريق الجنوب),MK046,الطائف,تشغيل,16,14,0,2,4,2,0,2,9,9,0,0,1,1,0,0,1,1,0,0,1,1,0,0,0,0,0,0
مشغّلة,السواط(شهار) (الردف),MK063,الطائف,ايجار مضخات,7,7,0,0,2,2,0,0,0,0,0,0,2,2,0,0,2,2,0,0,1,1,0,0,0,0,0,0
مشغّلة,الجمعية الوسام( دائري الطائف),MK035,الطائف,تشغيل,4,4,0,0,2,2,0,0,0,0,0,0,0,0,0,0,1,1,0,0,1,1,0,0,0,0,0,0
مشغّلة,الملك خالد (الجال),MK093,الطائف,تشغيل,10,2,2,8,2,0,0,2,4,1,0,3,1,0,0,1,2,0,2,2,1,1,0,0,0,0,0,0
مشغّلة,البيعه,MK099,الطائف,تشغيل,10,8,1,2,2,1,0,1,3,3,0,0,2,1,1,1,2,2,0,0,1,1,0,0,0,0,0,0
مشغّلة,النسيم,MK015,جدة,ايجار,10,10,0,0,1,1,0,0,1,1,0,0,5,5,0,0,2,2,0,0,1,1,0,0,0,0,0,0
مشغّلة,الاجاويد,MK071,جدة,محطات مشغله تطبيق هويه,9,9,0,0,1,1,0,0,5,5,0,0,0,0,0,0,2,2,0,0,1,1,0,0,0,0,0,0
مشغّلة,الكوثر,MK100,جدة,محطات مشغله تطبيق هويه,10,9,0,1,2,2,0,0,5,5,0,0,0,0,0,0,2,1,0,1,1,1,0,0,0,0,0,0
مشغّلة,الحمرا - الخرج طريق الملك عبد الله,RY025,الخرج,ايجار,8,8,0,0,3,3,0,0,0,0,0,0,2,2,0,0,2,2,0,0,1,1,0,0,0,0,0,0
مشغّلة,غرناطة  - الخرج طريق الملك عبد الله,RY024,الخرج,ايجار,12,12,0,0,4,4,0,0,0,0,0,0,3,3,0,0,4,4,0,0,1,1,0,0,0,0,0,0
مشغّلة,الخزامى (العرجاني),RY042,الخرج,ايجار,13,6,1,7,3,2,0,1,1,0,0,1,5,1,1,4,3,2,0,1,1,1,0,0,0,0,0,0
مشغّلة,طريق صبيا,JA061,جيزان,ايجار,7,4,1,3,2,2,0,0,0,0,0,0,1,1,0,0,3,0,1,3,1,1,0,0,0,0,0,0
مشغّلة,صناعية صامطه,JA060,جازان,ايجار,8,8,0,0,0,0,0,0,4,4,0,0,0,0,0,0,3,3,0,0,1,1,0,0,0,0,0,0
مشغّلة,كورنيش جيزان,JA069,جازان,تشغيل,17,10,0,4,4,4,0,0,5,4,0,1,2,1,0,1,2,0,0,2,1,1,0,0,3,0,0,0
مشغّلة,خبت نخلان صبيا(الملك عبد العزيز),JA053,جازان,تشغيل,13,6,0,7,4,3,0,1,4,2,0,2,0,0,0,0,4,0,0,4,1,1,0,0,0,0,0,0
مشغّلة,المودة - الروابي,JA056,جازان,تشغيل,9,1,2,8,2,1,1,1,5,0,0,5,0,0,0,0,1,0,1,1,1,0,0,1,0,0,0,0
مشغّلة,محطة مدخا محايل,AS153,جازان,تشغيل,25,16,0,9,5,5,0,0,13,10,0,3,0,0,0,0,6,0,0,6,1,1,0,0,0,0,0,0
مشغّلة,القسوم,JA041,جازان,تشغيل,14,6,2,8,4,4,0,0,4,2,0,2,3,0,0,3,2,0,2,2,1,0,0,1,0,0,0,0
مشغّلة,المركب,NJ219,نجرانNajran,تشغيل,11,1,0,10,2,0,0,2,4,1,0,3,2,0,0,2,2,0,0,2,1,0,0,1,0,0,0,0
مشغّلة,الدائري الشمالي (حي الفلاح ),RY075,الرياض,تشغيل,23,20,0,3,4,4,0,0,5,5,0,0,7,4,0,3,6,6,0,0,1,1,0,0,0,0,0,0
مشغّلة,خليص,MK014,خليص,تشغيل,13,9,2,4,4,2,0,2,4,4,0,0,2,1,1,1,2,2,0,0,1,0,1,1,0,0,0,0
مشغّلة,العريفي - حائل,HA043,حائل,تشغيل,8,8,0,0,2,2,0,0,0,0,0,0,3,3,0,0,2,2,0,0,1,1,0,0,0,0,0,0
مشغّلة,كورنيش الخبر,EP051,الخبر,ايجار,5,3,1,2,1,1,0,0,0,0,0,0,1,0,0,1,2,1,1,1,1,1,0,0,0,0,0,0
مشغّلة,الدائري الشرقي,QS055,القصيم,ايجار,10,3,2,7,2,1,0,1,4,1,0,3,1,0,0,1,2,0,2,2,1,1,0,0,0,0,0,0
مشغّلة,محطة الاطاولة القرى,BH050,الباحة,ايجار,4,0,0,4,1,0,0,1,0,0,0,0,1,0,0,1,1,0,0,1,1,0,0,1,0,0,0,0
تحت التنفيذ,درب - الروضة,MK040,جدة,ايجار  مضخات + نسبة تشغيل,11,9,1,2,4,3,0,1,0,0,0,0,3,2,1,1,3,3,0,0,1,1,0,0,0,0,0,0
تحت التنفيذ,بن العباس_الشوقية,MK013,مكة,تشغيل,3,0,0,3,0,0,0,0,2,0,0,2,0,0,0,0,0,0,0,0,1,0,0,1,0,0,0,0
تحت التنفيذ,طريق الملك فهد جازان,JA059,جازان,تشغيل,10,6,0,4,4,4,0,0,3,0,0,3,0,0,0,0,2,1,0,1,1,1,0,0,0,0,0,0
تحت التنفيذ,محطه الرؤيا,AS192,خميس مشيط,ايجار,8,5,0,3,2,1,0,1,2,2,0,0,1,1,0,0,2,0,0,2,1,1,0,0,0,0,0,0
تحت التنفيذ,الصيانة-طريق المطار,MK027,الطائف,ايجار,15,13,1,2,6,5,0,1,2,2,0,0,4,3,1,1,2,2,0,0,1,1,0,0,0,0,0,0
تحت التنفيذ,الملك خالد جدة  - دلهام,MK228,جدة,تشغيل,17,5,0,12,1,0,0,1,11,0,0,11,0,0,0,0,4,4,0,0,1,1,0,0,0,0,0,0
تحت التنفيذ,صناعية محايل,AS286,محايل عسير,تشغيل,24,0,3,24,5,0,0,5,13,0,0,13,2,0,0,2,3,0,3,3,1,0,0,1,0,0,0,0
تحت التنفيذ,الأمير سلطان,JA141,بيشه,تشغيل,14,0,0,14,6,0,0,6,7,0,0,7,0,0,0,0,0,0,0,0,1,0,0,1,0,0,0,0
تحت التنفيذ,القنفذة,MK044,القنفذة,تشغيل,65,27,0,38,12,7,0,5,40,19,0,21,6,0,0,6,6,0,0,6,1,1,0,0,0,0,0,0
تحت التنفيذ,الراشدية,MK037,مكة,ايجار,6,5,0,1,2,1,0,1,1,1,0,0,0,0,0,0,2,2,0,0,1,1,0,0,0,0,0,0
تحت التنفيذ,الوسام,MK021,الطائف,تشغيل,8,2,3,6,2,0,0,2,2,0,2,2,0,0,0,0,3,2,1,1,1,0,0,1,0,0,0,0
تحت التنفيذ,امنيتي(اسكان المدائن),MK082,جدة,تشغيل,16,0,0,16,3,0,0,3,2,0,0,2,2,0,0,2,8,0,0,8,1,0,0,1,0,0,0,0
تحت التنفيذ,ابحر الشمالية,MK260,جدة,,12,0,0,12,2,0,0,2,1,0,0,1,0,0,0,0,8,0,0,8,1,0,0,1,0,0,0,0
تحت التنفيذ,الهجرة,MD096,المدينة المنورة,تشغيل,13,5,3,8,2,2,0,0,9,3,2,6,1,0,0,1,0,0,0,0,1,0,1,1,0,0,0,0
تحت التنفيذ,الأمير فواز,MK066,جدة,تشغيل مضخات,9,6,0,3,2,1,0,1,3,2,0,1,0,0,0,0,3,3,0,0,1,0,0,1,0,0,0,0
تحت التنفيذ,مدينة الملك عبد الله,MK045,رابغ,تشغيل,41,2,0,39,8,2,0,6,22,0,0,22,10,0,0,10,0,0,0,0,1,0,0,1,0,0,0,0
تحت التنفيذ,الصفاء,AS124,بيشة,تشغيل,12,0,2,12,2,0,0,2,7,0,0,7,0,0,0,0,2,0,2,2,1,0,0,1,0,0,0,0
تحت التنفيذ,الكربوس (محطة الزهور ),JA094,جيزان,تشغيل,6,0,0,6,2,0,0,2,2,0,0,2,0,0,0,0,1,0,0,1,1,0,0,1,0,0,0,0
تحت التنفيذ,محطة السر,MK091,الطائف,تشغيل,16,2,0,14,3,0,0,3,10,2,0,8,0,0,0,0,2,0,0,2,1,0,0,1,0,0,0,0
تحت التنفيذ,محطة طريق الملك عبدالعزيز بيش,JA188,بيش,ايجار,19,0,2,19,4,0,0,4,11,0,0,11,1,0,0,1,2,0,2,2,1,0,0,1,0,0,0,0
تحت التنفيذ,سوق الاشواق,AS197,خميس مشيط,ايجار,15,0,0,15,2,0,0,2,12,0,0,12,0,0,0,0,0,0,0,0,1,0,0,1,0,0,0,0
تحت التنفيذ,الخالدية ضمد,JA259,جيزان,ايجار,9,0,1,9,1,0,0,1,5,0,0,5,1,0,0,1,1,0,1,1,1,0,0,1,0,0,0,0
تحت التنفيذ,الربوة التلاتين,MK191,جدة,تشغيل,11,0,0,11,2,0,0,2,1,0,0,1,1,0,0,1,6,0,0,6,1,0,0,1,0,0,0,0
تحت التنفيذ,محطة الدغمية الخرمة,MK318,الخرمة,تشغيل,7,0,0,7,2,0,0,2,2,0,0,2,0,0,0,0,2,0,0,2,1,0,0,1,0,0,0,0
تحت التنفيذ,محطة قرطبة -  سنيدي,QS319,القصيم - بريدة,ايجار,11,0,0,11,2,0,0,2,1,0,0,1,2,0,0,2,5,0,0,5,1,0,0,1,0,0,0,0
تحت التنفيذ,محطة حلي,MK036,حلي,تشغيل,92,0,0,92,10,0,0,10,68,0,0,68,2,0,0,2,8,0,0,8,1,0,0,1,3,0,0,3
تحت التنفيذ,القادسية,TB146,تبوك,تشغيل,29,3,0,26,5,0,0,5,18,3,0,15,3,0,0,3,2,0,0,2,1,0,0,1,0,0,0,0
تحت التنفيذ,الخمرة,MK104,جدة,تشغيل,47,0,0,47,9,0,0,9,32,0,0,32,3,0,0,3,2,0,0,2,1,0,0,1,0,0,0,0
تحت التنفيذ,ابيار,MD011,المدينة المنورة,ايجار,27,0,0,27,7,0,0,7,12,0,0,12,3,0,0,3,3,0,0,3,1,0,0,1,1,0,0,1
تحت التنفيذ,القديه,RY073,الرياض,تشغيل,59,0,0,59,11,0,0,11,36,0,0,36,8,0,0,8,3,0,0,3,1,0,0,1,0,0,0,0
تحت التنفيذ,درب بحره,MK127,بحرة,ملك,17,0,0,17,5,0,0,5,5,0,0,5,3,0,0,3,3,0,0,3,1,0,0,1,0,0,0,0
تحت التنفيذ,الريان,MK057,الجموم,تشغيل,43,0,0,43,7,0,0,7,31,0,0,31,1,0,0,1,3,0,0,3,1,0,0,1,0,0,0,0
تحت التنفيذ,الحوميات,RY083,الحوميات,تشغيل,11,11,0,0,2,2,0,0,5,5,0,0,1,1,0,0,1,1,0,0,1,1,0,0,1,1,0,0
تحت التنفيذ,وادي وج,MK317,الطائف,تشغيل,30,0,0,30,7,0,0,7,18,0,0,18,0,0,0,0,2,0,0,2,1,0,0,1,2,0,0,2
تحت التنفيذ,طريق الملك,MK310,جدة,,11,0,0,11,1,0,0,1,7,0,0,7,0,0,0,0,2,0,0,2,1,0,0,1,0,0,0,0
تحت التنفيذ,محطة قرية المهدي (نوره الشهراني),AS255,بيشة,تشغيل,9,0,0,9,1,0,0,1,4,0,0,4,0,0,0,0,2,0,0,2,1,0,0,1,1,0,0,1
تحت التنفيذ,أبو عريش جازان زيارة ام الغلف,JA058,جازان,تشغيل,19,0,0,19,7,0,0,7,7,0,0,7,2,0,0,2,2,0,0,2,1,0,0,1,0,0,0,0
تحت التنفيذ,هدى الشام,تحت التوثيق,جدة,,18,0,0,18,7,0,0,7,8,0,0,8,1,0,0,1,1,0,0,1,1,0,0,1,0,0,0,0
تحت التنفيذ,عقبة شعار,AS287,عسير,,0,0,0,0,0,0,0,0,0,0,0,0,0,0,0,0,0,0,0,0,0,0,0,0,0,0,0,0
تحت التنفيذ,محطة الرحاب (البشاير),JA234,جيزان,ايجار,0,0,0,0,0,0,0,0,0,0,0,0,0,0,0,0,0,0,0,0,0,0,0,0,0,0,0,0
تحت التنفيذ,محطة الحنيني,JA353,صامطة,تشغيل,0,0,0,0,0,0,0,0,0,0,0,0,0,0,0,0,0,0,0,0,0,0,0,0,0,0,0,0
تحت التنفيذ,محطة الواديين,AS376,عسير,ايجار,0,0,0,0,0,0,0,0,0,0,0,0,0,0,0,0,0,0,0,0,0,0,0,0,0,0,0,0
تحت التنفيذ,المصيف,AS226,ابها,ايجار,0,0,0,0,0,0,0,0,0,0,0,0,0,0,0,0,0,0,0,0,0,0,0,0,0,0,0,0
امتياز,النزهه,BH065,,امتياز,2,2,0,0,0,0,0,0,0,0,0,0,1,1,0,0,1,1,0,0,0,0,0,0,0,0,0,0
امتياز,السلولي,MK049,,امتياز,2,2,0,0,2,2,0,0,0,0,0,0,0,0,0,0,0,0,0,0,0,0,0,0,0,0,0,0
امتياز,تربه,MK067,,امتياز,7,7,0,0,2,2,0,0,2,2,0,0,0,0,0,0,2,2,0,0,1,1,0,0,0,0,0,0
امتياز,طريق احد,EP102,,امتياز,2,1,0,1,1,1,0,0,1,0,0,1,0,0,0,0,0,0,0,0,0,0,0,0,0,0,0,0
امتياز,اكويلا فيول - المعلمي,MK103,,امتياز,2,2,0,0,2,2,0,0,0,0,0,0,0,0,0,0,0,0,0,0,0,0,0,0,0,0,0,0
امتياز,طريق نجم الدين الايوبي,RY106,,امتياز,7,4,0,3,2,1,0,1,2,0,0,2,0,0,0,0,2,2,0,0,1,1,0,0,0,0,0,0
امتياز,طريق السلام,MD009,,امتياز,11,0,0,11,1,0,0,1,5,0,0,5,1,0,0,1,3,0,0,3,1,0,0,1,0,0,0,0
امتياز,فيو الواحة,EP134,,امتياز,8,8,0,0,2,2,0,0,1,1,0,0,1,1,0,0,2,2,0,0,1,1,0,0,1,1,0,0
امتياز,محطة قويزة,MK311,,امتياز,0,0,0,0,0,0,0,0,0,0,0,0,0,0,0,0,0,0,0,0,0,0,0,0,0,0,0,0
امتياز,رمكو الصفوي,EP324,,امتياز,4,0,0,4,1,0,0,1,3,0,0,3,0,0,0,0,0,0,0,0,0,0,0,0,0,0,0,0
امتياز,الامام مسلم,MD097,المدينة المنورة,امتياز,7,0,0,7,2,0,0,2,1,0,0,1,0,0,0,0,3,0,0,3,1,0,0,1,0,0,0,0
امتياز,الحزم,MK161,جدة,امتياز,7,0,0,7,2,0,0,2,2,0,0,2,0,0,0,0,2,0,0,2,1,0,0,1,0,0,0,0
امتياز,طيبه,MK012,جدة,امتياز,4,4,0,0,2,2,0,0,0,0,0,0,0,0,0,0,2,2,0,0,0,0,0,0,0,0,0,0
امتياز,الأمير سعود,HA052,حائل,امتياز,7,3,0,4,3,3,0,0,1,0,0,1,0,0,0,0,2,0,0,2,1,0,0,1,0,0,0,0
امتياز,محطة ولي العهد 3,MK164,مكه - ولي العهد,امتياز,17,0,0,17,8,0,0,8,8,0,0,8,0,0,0,0,0,0,0,0,1,0,0,1,0,0,0,0
امتياز,محطة الريان,JO251,القريات,امتياز,5,0,0,5,0,0,0,0,5,0,0,5,0,0,0,0,0,0,0,0,0,0,0,0,0,0,0,0
امتياز,المدينة عين الخيف,MD297,المدينة المنورة,امتياز,38,0,0,38,4,0,0,4,22,0,0,22,3,0,0,3,7,0,0,7,1,0,0,1,1,0,0,1
امتياز,محطة الورود,EP329,حفر الباطن / الورود,امتياز,13,0,0,13,4,0,0,4,2,0,0,2,3,0,0,3,2,0,0,2,1,0,0,1,1,0,0,1
امتياز,نقز - الاجواد,MK206,جدة/ الاجواد,امتياز,12,0,0,12,6,0,0,6,5,0,0,5,1,0,0,1,0,0,0,0,0,0,0,0,0,0,0,0
امتياز,نبض - ثادج,RY200,القصيم / ثادج,امتياز,23,0,0,23,6,0,0,6,13,0,0,13,0,0,0,0,1,0,0,1,1,0,0,1,2,0,0,2
امتياز,طريق قبه,EP299,حفر الباطن,امتياز,7,0,0,7,1,0,0,1,4,0,0,4,0,0,0,0,1,0,0,1,1,0,0,1,0,0,0,0
امتياز,ركن جاز الحزام الجنوبي,JA 227,,امتياز,7,0,0,7,2,0,0,2,5,0,0,5,0,0,0,0,0,0,0,0,0,0,0,0,0,0,0,0
امتياز,الخيبر بيشة,AS085,,امتياز,11,0,0,11,2,0,0,2,6,0,0,6,0,0,0,0,2,0,0,2,1,0,0,1,0,0,0,0
امتياز,محطة الظبية,JA070,,امتياز,31,0,0,31,5,0,0,5,23,0,0,23,0,0,0,0,2,0,0,2,1,0,0,1,0,0,0,0
امتياز,خميس مشيط العزيزيه,AS081,,امتياز,6,0,0,6,1,0,0,1,1,0,0,1,0,0,0,0,3,0,0,3,1,0,0,1,0,0,0,0
امتياز,احد المسارحة -الصفا محمد بن ناصر,JA092,,امتياز,15,6,0,9,4,2,0,2,8,2,0,6,1,0,0,1,1,1,0,0,1,1,0,0,0,0,0,0
امتياز,للتاكيد / غالبا مو معانا,,,,0,0,0,0,0,0,0,0,0,0,0,0,0,0,0,0,0,0,0,0,0,0,0,0,0,0,0,0
امتياز,محطة الفلاح - التيسير,MK210,,امتياز,0,0,0,0,0,0,0,0,0,0,0,0,0,0,0,0,0,0,0,0,0,0,0,0,0,0,0,0
امتياز,الواحة,MK216,,امتياز,0,0,0,0,0,0,0,0,0,0,0,0,0,0,0,0,0,0,0,0,0,0,0,0,0,0,0,0
امتياز,محطة جوهرة النسيم,MK323,,امتياز,0,0,0,0,0,0,0,0,0,0,0,0,0,0,0,0,0,0,0,0,0,0,0,0,0,0,0,0
امتياز,السفير 4 (الهداء),RY095,,امتياز,11,0,0,11,2,0,0,2,4,0,0,4,0,0,0,0,3,0,0,3,1,0,0,1,1,0,0,1
امتياز,السحاب,RY076,,امتياز,0,0,0,0,0,0,0,0,0,0,0,0,0,0,0,0,0,0,0,0,0,0,0,0,0,0,0,0
امتياز,السفير 1 ( طويق الزاهر ),RY077,,امتياز,7,0,0,7,0,0,0,0,3,0,0,3,0,0,0,0,2,0,0,2,1,0,0,1,1,0,0,1
امتياز,مطار حائل,HA050,حائل,امتياز,9,0,0,9,6,0,0,6,1,0,0,1,0,0,0,0,2,0,0,2,0,0,0,0,0,0,0,0
امتياز,محطة الصفا,MK313,جده / حي الصفا,امتياز,0,0,0,0,0,0,0,0,0,0,0,0,0,0,0,0,0,0,0,0,0,0,0,0,0,0,0,0
امتياز,خميس مشيط طريق الرياض,,خميس مشيط,امتياز,0,0,0,0,0,0,0,0,0,0,0,0,0,0,0,0,0,0,0,0,0,0,0,0,0,0,0,0
امتياز,طريق الامير سلطان,NP130,,امتياز,0,0,0,0,0,0,0,0,0,0,0,0,0,0,0,0,0,0,0,0,0,0,0,0,0,0,0,0
امتياز,طريق ابو بكر,NP131,,امتياز,0,0,0,0,0,0,0,0,0,0,0,0,0,0,0,0,0,0,0,0,0,0,0,0,0,0,0,0
امتياز,ضمد,JA209,جازان / الظبية,امتياز,0,0,0,0,0,0,0,0,0,0,0,0,0,0,0,0,0,0,0,0,0,0,0,0,0,0,0,0
امتياز,مسارات درب عقبة شعار,AS271,,امتياز,6,0,0,6,0,0,0,0,3,0,0,3,0,0,0,0,2,0,0,2,1,0,0,1,0,0,0,0
امتياز,الكربوس - طريق الملك فيصل,JA026,جازان,امتياز,20,0,0,20,2,0,0,2,15,0,0,15,0,0,0,0,1,0,0,1,1,0,0,1,1,0,0,1
امتياز,مو معانا,,,,0,0,0,0,0,0,0,0,0,0,0,0,0,0,0,0,0,0,0,0,0,0,0,0,0,0,0,0
امتياز,الموسع - الياقوت,MK322,جدة,امتياز,0,0,0,0,0,0,0,0,0,0,0,0,0,0,0,0,0,0,0,0,0,0,0,0,0,0,0,0
امتياز,القريات - النسيم,JO281,القريات,امتياز,0,0,0,0,0,0,0,0,0,0,0,0,0,0,0,0,0,0,0,0,0,0,0,0,0,0,0,0
امتياز,القريات - الصناعية,JO298,القريات,امتياز,0,0,0,0,0,0,0,0,0,0,0,0,0,0,0,0,0,0,0,0,0,0,0,0,0,0,0,0
امتياز,نقز - الربوة,MK205,,امتياز,0,0,0,0,0,0,0,0,0,0,0,0,0,0,0,0,0,0,0,0,0,0,0,0,0,0,0,0
امتياز,نبض- طنجة,RY201,,امتياز,0,0,0,0,0,0,0,0,0,0,0,0,0,0,0,0,0,0,0,0,0,0,0,0,0,0,0,0
امتياز,محطة بتروتن جده,MK285,,امتياز,0,0,0,0,0,0,0,0,0,0,0,0,0,0,0,0,0,0,0,0,0,0,0,0,0,0,0,0
امتياز,محطة العليا,MK154,,امتياز,0,0,0,0,0,0,0,0,0,0,0,0,0,0,0,0,0,0,0,0,0,0,0,0,0,0,0,0
امتياز,مسارات درب الزامل,JA272,,امتياز,0,0,0,0,0,0,0,0,0,0,0,0,0,0,0,0,0,0,0,0,0,0,0,0,0,0,0,0
امتياز,بترو لايز المساعدية,MK223,,امتياز,0,0,0,0,0,0,0,0,0,0,0,0,0,0,0,0,0,0,0,0,0,0,0,0,0,0,0,0
امتياز,بترولايز البغدادية,MK300,,امتياز,0,0,0,0,0,0,0,0,0,0,0,0,0,0,0,0,0,0,0,0,0,0,0,0,0,0,0,0
امتياز,محطة الجمعية العربية,MD224,,امتياز,0,0,0,0,0,0,0,0,0,0,0,0,0,0,0,0,0,0,0,0,0,0,0,0,0,0,0,0
امتياز,محطة الجارة,JA348,,امتياز,0,0,0,0,0,0,0,0,0,0,0,0,0,0,0,0,0,0,0,0,0,0,0,0,0,0,0,0
امتياز,الطالبي - الحقو,JA207,,امتياز,0,0,0,0,0,0,0,0,0,0,0,0,0,0,0,0,0,0,0,0,0,0,0,0,0,0,0,0
امتياز,ركن جاز الفرسان,JA302,,امتياز,0,0,0,0,0,0,0,0,0,0,0,0,0,0,0,0,0,0,0,0,0,0,0,0,0,0,0,0
امتياز,ركن جاز الفطيحة,JA256,,امتياز,0,0,0,0,0,0,0,0,0,0,0,0,0,0,0,0,0,0,0,0,0,0,0,0,0,0,0,0
امتياز,ركن جاز العيدابي - لتركو,JA156,,امتياز,0,0,0,0,0,0,0,0,0,0,0,0,0,0,0,0,0,0,0,0,0,0,0,0,0,0,0,0
امتياز,خميس البحر,AS328,محايل عسير,امتياز,0,0,0,0,0,0,0,0,0,0,0,0,0,0,0,0,0,0,0,0,0,0,0,0,0,0,0,0
امتياز,محطة النسيم 3 الجزائر,MK274,مكة المكرمه,امتياز,0,0,0,0,0,0,0,0,0,0,0,0,0,0,0,0,0,0,0,0,0,0,0,0,0,0,0,0
امتياز,محطة النسيم 6 البحيرات,MK277,مكة المكرمه,امتياز,0,0,0,0,0,0,0,0,0,0,0,0,0,0,0,0,0,0,0,0,0,0,0,0,0,0,0,0
امتياز,البشائر,,جده,امتياز,0,0,0,0,0,0,0,0,0,0,0,0,0,0,0,0,0,0,0,0,0,0,0,0,0,0,0,0
امتياز,خليص,تحت التوثيق,خليص,امتياز,0,0,0,0,0,0,0,0,0,0,0,0,0,0,0,0,0,0,0,0,0,0,0,0,0,0,0,0
امتياز,بيكو الضيافة,AS135,خميس مشيط khamis Mushayt,امتياز,0,0,0,0,0,0,0,0,0,0,0,0,0,0,0,0,0,0,0,0,0,0,0,0,0,0,0,0
امتياز,بيكو مربة,AS136,ابها,امتياز,0,0,0,0,0,0,0,0,0,0,0,0,0,0,0,0,0,0,0,0,0,0,0,0,0,0,0,0
امتياز,بيكو طريق الطائف,AS137,ابها,امتياز,0,0,0,0,0,0,0,0,0,0,0,0,0,0,0,0,0,0,0,0,0,0,0,0,0,0,0,0
امتياز,زهرة الجنوب الواحة 2,NJ351,نجران,امتياز,0,0,0,0,0,0,0,0,0,0,0,0,0,0,0,0,0,0,0,0,0,0,0,0,0,0,0,0
امتياز,محطة الحديقة,JA358,جازان  -ضمد,امتياز,0,0,0,0,0,0,0,0,0,0,0,0,0,0,0,0,0,0,0,0,0,0,0,0,0,0,0,0
امتياز,الخزامة بيشة,AS030,بيشة,امتياز,0,0,0,0,0,0,0,0,0,0,0,0,0,0,0,0,0,0,0,0,0,0,0,0,0,0,0,0
امتياز,زهرة الجنوب  1,NJ350,نجران,امتياز,0,0,0,0,0,0,0,0,0,0,0,0,0,0,0,0,0,0,0,0,0,0,0,0,0,0,0,0
امتياز,بترولايز الصفا,EP301,الدمام Dammam,امتياز,0,0,0,0,0,0,0,0,0,0,0,0,0,0,0,0,0,0,0,0,0,0,0,0,0,0,0,0
امتياز,هال الاحساء,EP349,الاحساء,امتياز,0,0,0,0,0,0,0,0,0,0,0,0,0,0,0,0,0,0,0,0,0,0,0,0,0,0,0,0
امتياز,وهل طريق الخليج,EP315,الهفوف,امتياز,0,0,0,0,0,0,0,0,0,0,0,0,0,0,0,0,0,0,0,0,0,0,0,0,0,0,0,0
امتياز,محطة النواة,MD194,ينبع,امتياز,0,0,0,0,0,0,0,0,0,0,0,0,0,0,0,0,0,0,0,0,0,0,0,0,0,0,0,0
امتياز,محطة البلدية,EP133,حفر الباطن,امتياز,0,0,0,0,0,0,0,0,0,0,0,0,0,0,0,0,0,0,0,0,0,0,0,0,0,0,0,0
امتياز,حي الرياض,MK304,جده / حي الرياض,امتياز,0,0,0,0,0,0,0,0,0,0,0,0,0,0,0,0,0,0,0,0,0,0,0,0,0,0,0,0
امتياز,قوس النصر,MK314,مكة / الخالدية,امتياز,0,0,0,0,0,0,0,0,0,0,0,0,0,0,0,0,0,0,0,0,0,0,0,0,0,0,0,0
امتياز,محطة القصيم,EP316,حفر الباطن,امتياز,0,0,0,0,0,0,0,0,0,0,0,0,0,0,0,0,0,0,0,0,0,0,0,0,0,0,0,0
امتياز,محطة القويع,QS330,بريدة,امتياز,0,0,0,0,0,0,0,0,0,0,0,0,0,0,0,0,0,0,0,0,0,0,0,0,0,0,0,0
امتياز,محطة البصر,QS331,بريدة,امتياز,0,0,0,0,0,0,0,0,0,0,0,0,0,0,0,0,0,0,0,0,0,0,0,0,0,0,0,0
امتياز,محطة البدائع,QS332,بريدة,امتياز,0,0,0,0,0,0,0,0,0,0,0,0,0,0,0,0,0,0,0,0,0,0,0,0,0,0,0,0
امتياز,الفرعاء,AS128,خميس مشيط khamis Mushayt,امتياز,0,0,0,0,0,0,0,0,0,0,0,0,0,0,0,0,0,0,0,0,0,0,0,0,0,0,0,0
امتياز,ديبر,JA157,جازان,امتياز,0,0,0,0,0,0,0,0,0,0,0,0,0,0,0,0,0,0,0,0,0,0,0,0,0,0,0,0
امتياز,أبو سبيلة,JA152,جازان - العارضة,امتياز,0,0,0,0,0,0,0,0,0,0,0,0,0,0,0,0,0,0,0,0,0,0,0,0,0,0,0,0
امتياز,المطار القديم,AS211,خميس مشيط,امتياز,0,0,0,0,0,0,0,0,0,0,0,0,0,0,0,0,0,0,0,0,0,0,0,0,0,0,0,0
امتياز,محايل عسر الياسمين,AS212,محايل  عسير,امتياز,0,0,0,0,0,0,0,0,0,0,0,0,0,0,0,0,0,0,0,0,0,0,0,0,0,0,0,0
امتياز,محطة المظليف,MK217,المظيلف / مكه المكرمة,امتياز,0,0,0,0,0,0,0,0,0,0,0,0,0,0,0,0,0,0,0,0,0,0,0,0,0,0,0,0
امتياز,مثلث الأطاولة - الخالدة,BH253,الباحة Al baha,امتياز,0,0,0,0,0,0,0,0,0,0,0,0,0,0,0,0,0,0,0,0,0,0,0,0,0,0,0,0
امتياز,بني عدوان (شمرخ),BH108,الباحة Al baha,امتياز,0,0,0,0,0,0,0,0,0,0,0,0,0,0,0,0,0,0,0,0,0,0,0,0,0,0,0,0
امتياز,المدائن  - حائل,HA109,حائل / حي المدائن,امتياز,0,0,0,0,0,0,0,0,0,0,0,0,0,0,0,0,0,0,0,0,0,0,0,0,0,0,0,0
امتياز,محطة بتروتن مكة,Mk284,مكة ولي العهد,امتياز,0,0,0,0,0,0,0,0,0,0,0,0,0,0,0,0,0,0,0,0,0,0,0,0,0,0,0,0
