الرمز,المحطة,المنطقة,النظام,عمليات المحطة,عمليات لها عامل,تغطية العامل,عدد العمّال,إيراد المحطة (ر.س),عمليات صباحية,عمليات مسائية,إيراد صباحي (ر.س),إيراد مسائي (ر.س),أيام التشغيل,إيراد/عامل (ر.س),حصة الوردية المسائية
MK007,العمرة الجديدة,مكة,كاش إن,903255.0,903248.0,0.999992250250483,26.0,58264209.09,360951.0,542297.0,23622492.13,34641332.23,212.0,2240916.321538461,0.5945598767420147
MK003,العوالي,مكة,كاش إن + ناتج,740200.0,437146.0,0.5905782221021345,23.0,45452187.58,169830.0,267316.0,10084867.52,17067617.44,212.0,1180542.824347826,0.6285839938828199
MK004,عاصفة الصحراء,الطائف,كاش إن,269614.0,269611.0,0.9999888729813734,16.0,21858587.87,107313.0,162298.0,9018294.92,12839901.75,122.0,1366137.291875,0.5874181637144177
MK033,أبو وافي العمرة,مكة,كاش إن,299155.0,298587.0,0.9981013187143788,15.0,18678267.68,121076.0,177511.0,7380615.32,11079678.28,212.0,1230686.24,0.6001897109588765
RY075,الدائري الشمالي,الرياض,كاش إن + كاش إن (مختصر),248043.0,179213.0,0.7225077909878529,9.0,18394665.04,63554.0,115659.0,4539828.891,8718464.749,212.0,1473143.737777778,0.6575857335589981
JA092,الصفا - أحد المسارحة,جازان,كاش إن,298909.0,298893.0,0.9999464720031849,11.0,12646770.3,115948.0,182945.0,4891502.12,7754953.99,161.0,1149677.828181818,0.6132116319818549
MK064,الجعرانة,مكة,كاش إن,238071.0,237962.0,0.9995421533912152,6.0,12280255.01,94919.0,143043.0,5009393.709999999,7264965.890000001,212.0,2045726.6,0.5918814607647637
MK210,الفلاح - فلسطين,جدة,كاش إن,238689.0,238554.0,0.999434410467177,1.0,11893577.19,91516.0,147038.0,4788336.779999999,7099701.07,178.0,11888037.85,0.5972138682246878
MK046,الحليس - طريق الجنوب,الطائف,كاش إن,157865.0,157843.0,0.9998606404206125,9.0,10734609.73,59444.0,98399.0,4029149.9,6705086.85,86.0,1192692.972222222,0.6246449567082634
MK014,خليص,مكة,كاش إن,88401.0,88398.0,0.9999660637323107,6.0,9944883.17,34660.0,53738.0,3640412.26,6304466.65,212.0,1657479.818333333,0.6339410169851932
MK072,العزيزية,مكة,كاش إن + كاش إن (مختصر),505197.0,210276.0,0.4162257495590829,5.0,24068678.6,88821.0,121455.0,4094742.93,5738525.59,211.0,1966653.704,0.5835827200618335
JA069,كورنيش جيزان,جازان,كاش إن,192862.0,192504.0,0.9981437504536923,10.0,9844948.5,94984.0,97520.0,4544740.26,5285464.23,212.0,983020.4489999998,0.5376759186827456
MK005,الشيباني,الطائف,كاش إن,163034.0,162973.0,0.9996258449157844,10.0,9753536.530000001,61579.0,101394.0,3550652.99,6180778.140000001,94.0,973143.1129999999,0.6351355784603904
MK015,النسيم,جدة,كاش إن,191813.0,191756.0,0.9997028355742311,12.0,9504303.64,77776.0,113980.0,3747528.84,5750841.029999999,96.0,791530.8225000001,0.6054555790845403
MK289,طريق الليث - الفضيلة,جدة,كاش إن,388807.0,116055.0,0.2984899963220827,29.0,34048973.63,43855.0,72200.0,3973487.64,5326606.0,207.0,320692.884137931,0.5727475664427826
MK068,الجموم - الكنيدري,مكة,كاش إن,196103.0,196097.0,0.9999694038336996,9.0,9014842.11,77514.0,118583.0,3502308.4,5512473.46,212.0,1001642.428888889,0.6114927178060413
MK054,طريق السيل,مكة,كاش إن,104632.0,104609.0,0.9997801819710987,17.0,8627816.459999999,36756.0,67853.0,2969919.78,5655777.65,142.0,507393.9664705882,0.6556893162434984
MK071,الأجاويد,جدة,كاش إن,200709.0,200709.0,1.0,5.0,8619599.049999999,82407.0,118302.0,3597399.56,5022199.49,212.0,1723919.81,0.5826488518627789
MK084,الكر النازل,مكة,كاش إن,121506.0,121503.0,0.9999753098612414,3.0,8447420.51,44268.0,77235.0,2925393.81,5521927.699999999,212.0,2815773.836666666,0.6536897753285584
MK029,الدائري الثالث - الذكرى,مكة,كاش إن + كاش إن (مختصر),333174.0,147890.0,0.443882175679975,9.0,19533987.64,56891.0,90999.0,3240539.27,5184557.46,212.0,936121.858888889,0.6153706748005491
MK006,جنوب الطائف,الطائف,كاش إن,145545.0,145540.0,0.9999656463636676,17.0,8283038.89,52093.0,93447.0,2844444.91,5438576.300000001,88.0,487236.5417647059,0.6565933084215777
MK008,الحسينية,مكة,كاش إن,171470.0,171461.0,0.9999475126844346,7.0,7363845.41,70968.0,100493.0,3020829.8,4342986.050000001,101.0,1051973.692857143,0.5897738534566968
EP051,كورنيش الخبر,الشرقية,كاش إن,128201.0,128200.0,0.9999921997488319,5.0,7286815.45,41093.0,87107.0,2254354.48,5032450.970000001,212.0,1457361.09,0.690625131208903
MK023,بن درويش,مكة,كاش إن + ناتج,167582.0,157354.0,0.9389671921805445,10.0,7567441.05,62282.0,95072.0,2772368.86,4341330.84,212.0,711369.97,0.6102774959702052
QS055,الدائري الشرقي,القصيم,كاش إن,93238.0,92774.0,0.9950234882773118,6.0,7054473.42,35153.0,57621.0,2724356.2,4215950.65,212.0,1156717.808333333,0.6074588258298695
JA053,خبت نخلان,جازان,كاش إن,138423.0,138151.0,0.9980350086329584,9.0,6813042.630000001,57479.0,80672.0,2664684.04,4127186.94,212.0,754652.3311111112,0.6076656862524794
MK093,الملك خالد,الطائف,كاش إن,123946.0,123944.0,0.9999838639407483,7.0,6303626.0,42454.0,81490.0,2144199.87,4159425.29,181.0,900517.88,0.6598465461420298
MK018,الرصيفة المسار,مكة,كاش إن,130746.0,130745.0,0.9999923515824576,7.0,6226942.09,49272.0,81473.0,2348996.19,3877935.9,123.0,889561.7271428572,0.6227682980881842
RY042,الناصفة,الخرج,كاش إن,87436.0,87227.0,0.997609680223249,8.0,5491452.109999999,31100.0,56127.0,1985717.16,3491805.87,212.0,684690.37875,0.6374789938582878
AS153,مدخل محايل,عسير,كاش إن,99800.0,99791.0,0.9999098196392786,6.0,5024619.779999999,35228.0,64563.0,1796294.02,3227616.66,100.0,837318.4466666667,0.6424510437355149
MK099,البيعة,الطائف,كاش إن,96663.0,96652.0,0.9998862025800979,7.0,4492250.07,36272.0,60380.0,1612413.57,2879721.29,212.0,641733.5514285713,0.6410585122103837
MK100,الكوثر,جدة,كاش إن,70784.0,70783.0,0.9999858725135624,6.0,3917479.75,26348.0,44435.0,1439084.76,2478319.35,212.0,652900.6849999999,0.6326432710052984
JA041,القسوم - أحد المسارحة,جازان,كاش إن,84777.0,84773.0,0.9999528173915095,7.0,3909219.29,33861.0,50912.0,1561825.18,2347206.01,99.0,558433.0271428571,0.6004572222407876
JA056,الروابي - المودة,جازان,كاش إن,60561.0,60550.0,0.9998183649543435,7.0,3226032.37,25626.0,34924.0,1325243.7,1900044.32,212.0,460755.4314285714,0.5891084170523165
JA348,جنوب صبيا,جازان,كاش إن,81843.0,81810.0,0.9995967889740112,7.0,2767864.97,34554.0,47256.0,1171777.31,1594422.14,57.0,395171.35,0.5763944967887257
MK323,جبل ثور - جوهرة النسيم,مكة,كاش إن,38468.0,38465.0,0.9999220131017988,4.0,1918370.53,15376.0,23089.0,736549.04,1181753.09,87.0,479575.5325,0.6160411707409197
MD009,طريق السلام,المدينة المنورة,كاش إن,16299.0,16290.0,0.9994478188845941,8.0,937221.6799999999,6472.0,9818.0,374506.97,562117.37,70.0,117078.0425,0.600152426105006
NJ219,المركب,نجران,كاش إن,10157.0,10126.0,0.996947917692232,7.0,492335.8199999999,3133.0,6993.0,156738.55,333799.43,37.0,70076.85428571429,0.6804762191910196
MK035,الجمعية الوسام,الطائف,ناتج,159896.0,864.0,0.005403512282983939,2.0,10693687.63,351.0,513.0,99747.6,323739.92,197.0,211743.76,0.764461535962146
MK002,المعيصم,مكة,كاش إن + ناتج,183284.0,2858.0,0.01559328692084415,4.0,8668260.06,872.0,1986.0,43106.48,94863.34,212.0,34492.455,0.6875658749138035
MK016,الرصيفة,مكة,ناتج,305345.0,0.0,0.0,0.0,13274969.34,0.0,0.0,0.0,0.0,195.0,,
JA061,طريق صبيا,جازان,ناتج,106051.0,0.0,0.0,0.0,7336072.51,0.0,0.0,0.0,0.0,197.0,,
JA060,صناعية صامطة,جازان,ناتج,80728.0,0.0,0.0,0.0,2819666.08,0.0,0.0,0.0,0.0,197.0,,
HA043,العريفي,حائل,ناتج,64190.0,0.0,0.0,0.0,3444063.0,0.0,0.0,0.0,0.0,197.0,,
MK001,جبل النور,مكة,ناتج,385509.0,0.0,0.0,0.0,16778524.72,0.0,0.0,0.0,0.0,208.0,,
MK022,بطحاء قريش 1,مكة,ناتج,171994.0,0.0,0.0,0.0,10976756.31,0.0,0.0,0.0,0.0,212.0,,
MK028,أحلى مساء,الطائف,ناتج,283926.0,0.0,0.0,0.0,19217443.34,0.0,0.0,0.0,0.0,197.0,,
MK063,السواط - شهار,الطائف,ناتج,233642.0,0.0,0.0,0.0,12102486.91,0.0,0.0,0.0,0.0,197.0,,
MK047,القادسية,مكة,ناتج,332733.0,0.0,0.0,0.0,19752239.36,0.0,0.0,0.0,0.0,197.0,,
MK031,بطحاء قريش 2,مكة,ناتج,113878.0,0.0,0.0,0.0,6134127.33,0.0,0.0,0.0,0.0,196.0,,
MK017,عرفات الشوقية,مكة,ناتج,269065.0,0.0,0.0,0.0,12811088.71,0.0,0.0,0.0,0.0,212.0,,
MK020,ممشى الشوقية,مكة,ناتج,288692.0,0.0,0.0,0.0,12532864.6,0.0,0.0,0.0,0.0,212.0,,
MK019,الشرايع,مكة,ناتج,93434.0,0.0,0.0,0.0,4899104.01,0.0,0.0,0.0,0.0,211.0,,
RY025,الحمرا - طريق الملك عبدالله,الخرج,ناتج,167966.0,0.0,0.0,0.0,9202045.74,0.0,0.0,0.0,0.0,194.0,,
RY024,غرناطة - طريق الملك عبدالله,الخرج,ناتج,89966.0,0.0,0.0,0.0,5146143.890000001,0.0,0.0,0.0,0.0,194.0,,
